Workbook

Sheet Table1
A1: Post ID | B1: Platform | C1: Date | D1: Content Type | E1: Post Text | F1: Likes | G1: Shares | H1: Comments | I1: Impressions | J1: Reach | K1: Clicks | L1: Hashtags Used.1 | M1: Hashtags Used.2 | N1: Hashtags Used.3 | O1: Campaign_Name | P1: Campaign_Name_Filled | Q1: Engagement Rate
A2: P001 | B2: Twitter | C2: 45649 | D2: Reel | E2: Check out our latest reel on twitter! | F2: 1461 | G2: 184 | H2: 344 | I2: 21915 | J2: 21675 | K2: 15 | L2: #FutureOfDriving | M2: #AnytimeIsTeslaTime | O2: CybertruckLaunch | P2: CybertruckLaunch
A3: P002 | B3: Twitter | C3: 45750 | D3: Text | E3: Check out our latest text on twitter! | F3: 4054 | G3: 389 | H3: 493 | I3: 64864 | J3: 64383 | K3: 117 | L3: #TeslaCoInnovation | M3: #BetterWithTesla | O3: ModelYCampaign | P3: ModelYCampaign
A4: P003 | B4: YouTube | C4: 45789 | D4: Reel | E4: Check out our latest reel on youtube! | F4: 2795 | G4: 105 | H4: 49 | I4: 53105 | J4: 52307 | K4: 204 | L4: #TeslaCoInnovation | O4: FSDUpdate | P4: FSDUpdate
A5: P004 | B5: Instagram | C5: 45516 | D5: Story | E5: Check out our latest story on instagram! | F5: 2404 | G5: 363 | H5: 138 | I5: 19232 | J5: 18636 | K5: 128 | L5: #EVRevolution | O5: SustainabilityDrive | P5: SustainabilityDrive
A6: P005 | B6: YouTube | C6: 45469 | D6: Reel | E6: Check out our latest reel on youtube! | F6: 3557 | G6: 687 | H6: 424 | I6: 71140 | J6: 70701 | K6: 224 | L6: #EVRevolution | M6: #TeslaCoInnovation | O6: CybertruckLaunch | P6: CybertruckLaunch
A7: P006 | B7: Facebook | C7: 45596 | D7: Carousel | E7: Check out our latest carousel on facebook! | F7: 2945 | G7: 930 | H7: 355 | I7: 23560 | J7: 23275 | K7: 256 | L7: #TeslaCoInnovation | O7: ModelYCampaign | P7: ModelYCampaign
A8: P007 | B8: Twitter | C8: 45467 | D8: Carousel | E8: Check out our latest carousel on twitter! | F8: 3860 | G8: 201 | H8: 279 | I8: 61760 | J8: 61660 | K8: 235 | L8: #TeslaCoInnovation | O8: ModelYCampaign | P8: ModelYCampaign
A9: P008 | B9: YouTube | C9: 45486 | D9: Image | E9: Check out our latest image on youtube! | F9: 3929 | G9: 262 | H9: 278 | I9: 43219 | J9: 42841 | K9: 39 | L9: #EVRevolution | O9: SustainabilityDrive | P9: SustainabilityDrive
A10: P009 | B10: Facebook | C10: 45534 | D10: Text | E10: Check out our latest text on facebook! | F10: 3784 | G10: 808 | H10: 404 | I10: 56760 | J10: 56343 | K10: 131 | L10: #TeslaCoInnovation | O10: ModelYCampaign | P10: ModelYCampaign
A11: P010 | B11: Facebook | C11: 45727 | D11: Image | E11: Check out our latest image on facebook! | F11: 4241 | G11: 902 | H11: 47 | I11: 72097 | J11: 71598 | K11: 167 | L11: #TeslaCoInnovation | O11: ModelYCampaign | P11: ModelYCampaign
A12: P011 | B12: Instagram | C12: 45690 | D12: Story | E12: Check out our latest story on instagram! | F12: 1792 | G12: 614 | H12: 497 | I12: 25088 | J12: 24675 | K12: 65 | L12: #FutureOfDriving | O12: SustainabilityDrive | P12: SustainabilityDrive
A13: P012 | B13: Facebook | C13: 45494 | D13: Reel | E13: Check out our latest reel on facebook! | F13: 1946 | G13: 686 | H13: 377 | I13: 23352 | J13: 22982 | K13: 213 | L13: #FutureOfDriving | O13: FSDUpdate | P13: FSDUpdate
A14: P013 | B14: YouTube | C14: 45614 | D14: Carousel | E14: Check out our latest carousel on youtube! | F14: 1171 | G14: 286 | H14: 231 | I14: 22249 | J14: 21282 | K14: 114 | L14: #EVRevolution | O14: CybertruckLaunch | P14: CybertruckLaunch
A15: P014 | B15: Facebook | C15: 45704 | D15: Story | E15: Check out our latest story on facebook! | F15: 4242 | G15: 555 | H15: 131 | I15: 33936 | J15: 33802 | K15: 265 | L15: #FutureOfDriving | P15: SustainabilityDrive
A16: P015 | B16: Facebook | C16: 45589 | D16: Video | E16: Check out our latest video on facebook! | F16: 3888 | G16: 604 | H16: 128 | I16: 77760 | J16: 77167 | K16: 20 | L16: #FutureOfDriving | O16: CybertruckLaunch | P16: CybertruckLaunch
A17: P016 | B17: Facebook | C17: 45530 | D17: Text | E17: Check out our latest text on facebook! | F17: 3452 | G17: 377 | H17: 360 | I17: 55232 | J17: 55075 | K17: 87 | L17: #FutureOfDriving | O17: FSDUpdate | P17: FSDUpdate
A18: P017 | B18: Facebook | C18: 45782 | D18: Text | E18: Check out our latest text on facebook! | F18: 4441 | G18: 511 | H18: 70 | I18: 53292 | J18: 53082 | K18: 159 | L18: #EVRevolution | O18: SustainabilityDrive | P18: SustainabilityDrive
A19: P018 | B19: Instagram | C19: 45523 | D19: Reel | E19: Check out our latest reel on instagram! | F19: 3000 | G19: 382 | H19: 325 | I19: 36000 | J19: 35819 | K19: 19 | L19: #FutureOfDriving | O19: CybertruckLaunch | P19: CybertruckLaunch
A20: P019 | B20: Instagram | C20: 45466 | D20: Video | E20: Check out our latest video on instagram! | F20: 1071 | G20: 519 | H20: 22 | I20: 16065 | J20: 15865 | K20: 103 | L20: #TeslaCoInnovation | O20: SustainabilityDrive | P20: SustainabilityDrive
A21: P020 | B21: Instagram | C21: 45544 | D21: Carousel | E21: Check out our latest carousel on instagram! | F21: 4054 | G21: 488 | H21: 373 | I21: 77026 | J21: 76881 | K21: 25 | L21: #TeslaCoInnovation | O21: CybertruckLaunch | P21: CybertruckLaunch
A22: P021 | B22: Instagram | C22: 45661 | D22: Reel | E22: Check out our latest reel on instagram! | F22: 4838 | G22: 640 | H22: 128 | I22: 72570 | J22: 72396 | K22: 83 | L22: #FutureOfDriving | O22: SustainabilityDrive | P22: SustainabilityDrive
A23: P022 | B23: Facebook | C23: 45715 | D23: Text | E23: Check out our latest text on facebook! | F23: 1570 | G23: 187 | H23: 260 | I23: 25120 | J23: 24613 | K23: 133 | L23: #TeslaCoInnovation | O23: SustainabilityDrive | P23: SustainabilityDrive
A24: P023 | B24: Facebook | C24: 45602 | D24: Video | E24: Check out our latest video on facebook! | F24: 1606 | G24: 547 | H24: 316 | I24: 32120 | J24: 31736 | K24: 225 | L24: #TeslaCoInnovation | M24: #AnytimeIsTeslaTime | O24: ModelYCampaign | P24: ModelYCampaign
A25: P024 | B25: Facebook | C25: 45680 | D25: Video | E25: Check out our latest video on facebook! | F25: 3961 | G25: 761 | H25: 131 | I25: 67337 | J25: 66615 | K25: 161 | L25: #FutureOfDriving | O25: FSDUpdate | P25: FSDUpdate
A26: P025 | B26: Twitter | C26: 45757 | D26: Carousel | E26: Check out our latest carousel on twitter! | F26: 3128 | G26: 211 | H26: 197 | I26: 59432 | J26: 59182 | K26: 238 | L26: #EVRevolution | P26: CybertruckLaunch
A27: P026 | B27: YouTube | C27: 45752 | D27: Reel | E27: Check out our latest reel on youtube! | F27: 3009 | G27: 413 | H27: 358 | I27: 42126 | J27: 41309 | K27: 211 | L27: #FutureOfDriving | O27: ModelYCampaign | P27: ModelYCampaign
A28: P027 | B28: YouTube | C28: 45552 | D28: Text | E28: Check out our latest text on youtube! | F28: 2076 | G28: 195 | H28: 104 | I28: 33216 | J28: 32244 | K28: 51 | L28: #FutureOfDriving | O28: SustainabilityDrive | P28: SustainabilityDrive
A29: P028 | B29: Instagram | C29: 45720 | D29: Video | E29: Check out our latest video on instagram! | F29: 432 | G29: 624 | H29: 123 | I29: 6912 | J29: 6259 | K29: 79 | L29: #FutureOfDriving | O29: SustainabilityDrive | P29: SustainabilityDrive
A30: P029 | B30: Instagram | C30: 45688 | D30: Carousel | E30: Check out our latest carousel on instagram! | F30: 2566 | G30: 118 | H30: 37 | I30: 12830 | J30: 12264 | K30: 221 | L30: #FutureOfDriving | O30: FSDUpdate | P30: FSDUpdate
A31: P030 | B31: Instagram | C31: 45713 | D31: Video | E31: Check out our latest video on instagram! | F31: 3095 | G31: 39 | H31: 78 | I31: 55710 | J31: 54808 | K31: 93 | L31: #EVRevolution | P31: CybertruckLaunch
A32: P031 | B32: Instagram | C32: 45642 | D32: Text | E32: Check out our latest text on instagram! | F32: 438 | G32: 153 | H32: 275 | I32: 3066 | J32: 2701 | K32: 282 | L32: #TeslaCoInnovation | O32: ModelYCampaign | P32: ModelYCampaign
A33: P032 | B33: Twitter | C33: 45504 | D33: Carousel | E33: Check out our latest carousel on twitter! | F33: 2278 | G33: 10 | H33: 321 | I33: 13668 | J33: 12676 | K33: 275 | L33: #EVRevolution | O33: CybertruckLaunch | P33: CybertruckLaunch
A34: P033 | B34: Facebook | C34: 45525 | D34: Image | E34: Check out our latest image on facebook! | F34: 1407 | G34: 400 | H34: 351 | I34: 16884 | J34: 15954 | K34: 113 | L34: #TeslaCoInnovation | O34: CybertruckLaunch | P34: CybertruckLaunch
A35: P034 | B35: Facebook | C35: 45742 | D35: Text | E35: Check out our latest text on facebook! | F35: 1652 | G35: 89 | H35: 357 | I35: 29736 | J35: 28771 | K35: 215 | L35: #TeslaCoInnovation | O35: FSDUpdate | P35: FSDUpdate
A36: P035 | B36: Instagram | C36: 45626 | D36: Video | E36: Check out our latest video on instagram! | F36: 3775 | G36: 16 | H36: 239 | I36: 33975 | J36: 33310 | K36: 271 | L36: #FutureOfDriving | O36: ModelYCampaign | P36: ModelYCampaign
A37: P036 | B37: Instagram | C37: 45766 | D37: Story | E37: Check out our latest story on instagram! | F37: 4518 | G37: 285 | H37: 383 | I37: 67770 | J37: 67621 | K37: 31 | L37: #EVRevolution | O37: ModelYCampaign | P37: ModelYCampaign
A38: P037 | B38: Facebook | C38: 45663 | D38: Carousel | E38: Check out our latest carousel on facebook! | F38: 3024 | G38: 925 | H38: 350 | I38: 24192 | J38: 23518 | K38: 36 | L38: #EVRevolution | O38: ModelYCampaign | P38: ModelYCampaign
A39: P038 | B39: YouTube | C39: 45705 | D39: Reel | E39: Check out our latest reel on youtube! | F39: 3138 | G39: 123 | H39: 291 | I39: 28242 | J39: 27550 | K39: 87 | L39: #TeslaCoInnovation | O39: SustainabilityDrive | P39: SustainabilityDrive
A40: P039 | B40: Facebook | C40: 45621 | D40: Image | E40: Check out our latest image on facebook! | F40: 3564 | G40: 629 | H40: 177 | I40: 60588 | J40: 59627 | K40: 92 | L40: #TeslaCoInnovation | P40: ModelYCampaign
A41: P040 | B41: Twitter | C41: 45723 | D41: Image | E41: Check out our latest image on twitter! | F41: 4750 | G41: 151 | H41: 415 | I41: 38000 | J41: 37792 | K41: 299 | L41: #EVRevolution | O41: SustainabilityDrive | P41: SustainabilityDrive
A42: P041 | B42: Instagram | C42: 45724 | D42: Reel | E42: Check out our latest reel on instagram! | F42: 456 | G42: 629 | H42: 428 | I42: 8208 | J42: 7377 | K42: 205 | L42: #FutureOfDriving | O42: SustainabilityDrive | P42: SustainabilityDrive
A43: P042 | B43: YouTube | C43: 45721 | D43: Reel | E43: Check out our latest reel on youtube! | F43: 1543 | G43: 820 | H43: 333 | I43: 12344 | J43: 11496 | K43: 241 | L43: #EVRevolution | P43: CybertruckLaunch
A44: P043 | B44: Instagram | C44: 45640 | D44: Carousel | E44: Check out our latest carousel on instagram! | F44: 2174 | G44: 658 | H44: 15 | I44: 13044 | J44: 12206 | K44: 137 | L44: #TeslaCoInnovation | O44: FSDUpdate | P44: FSDUpdate
A45: P044 | B45: Twitter | C45: 45718 | D45: Image | E45: Check out our latest image on twitter! | F45: 2358 | G45: 784 | H45: 344 | I45: 35370 | J45: 34475 | K45: 216 | L45: #TeslaCoInnovation | P45: ModelYCampaign
A46: P045 | B46: Facebook | C46: 45597 | D46: Video | E46: Check out our latest video on facebook! | F46: 3371 | G46: 106 | H46: 327 | I46: 50565 | J46: 49816 | K46: 176 | L46: #FutureOfDriving | O46: CybertruckLaunch | P46: CybertruckLaunch
A47: P046 | B47: Twitter | C47: 45779 | D47: Video | E47: Check out our latest video on twitter! | F47: 1108 | G47: 177 | H47: 212 | I47: 8864 | J47: 8710 | K47: 97 | L47: #TeslaCoInnovation | O47: SustainabilityDrive | P47: SustainabilityDrive
A48: P047 | B48: Twitter | C48: 45712 | D48: Carousel | E48: Check out our latest carousel on twitter! | F48: 2704 | G48: 752 | H48: 153 | I48: 21632 | J48: 20792 | K48: 127 | L48: #FutureOfDriving | P48: SustainabilityDrive
A49: P048 | B49: Twitter | C49: 45727 | D49: Story | E49: Check out our latest story on twitter! | F49: 1950 | G49: 295 | H49: 478 | I49: 37050 | J49: 36272 | K49: 119 | L49: #TeslaCoInnovation | P49: ModelYCampaign
A50: P049 | B50: Twitter | C50: 45453 | D50: Story | E50: Check out our latest story on twitter! | F50: 2164 | G50: 549 | H50: 274 | I50: 28132 | J50: 27361 | K50: 177 | L50: #TeslaCoInnovation | O50: SustainabilityDrive | P50: SustainabilityDrive
A51: P050 | B51: YouTube | C51: 45476 | D51: Story | E51: Check out our latest story on youtube! | F51: 2754 | G51: 130 | H51: 90 | I51: 22032 | J51: 21288 | K51: 112 | L51: #TeslaCoInnovation | O51: FSDUpdate | P51: FSDUpdate
A52: P051 | B52: Facebook | C52: 45456 | D52: Carousel | E52: Check out our latest carousel on facebook! | F52: 2200 | G52: 504 | H52: 239 | I52: 37400 | J52: 36938 | K52: 225 | L52: #FutureOfDriving | O52: ModelYCampaign | P52: ModelYCampaign
A53: P052 | B53: Facebook | C53: 45660 | D53: Image | E53: Check out our latest image on facebook! | F53: 947 | G53: 338 | H53: 350 | I53: 10417 | J53: 9730 | K53: 34 | L53: #TeslaCoInnovation | O53: SustainabilityDrive | P53: SustainabilityDrive
A54: P053 | B54: YouTube | C54: 45712 | D54: Carousel | E54: Check out our latest carousel on youtube! | F54: 804 | G54: 639 | H54: 43 | I54: 4020 | J54: 3144 | K54: 11 | L54: #EVRevolution | M54: #BetterWithTesla | P54: CybertruckLaunch
A55: P054 | B55: YouTube | C55: 45729 | D55: Carousel | E55: Check out our latest carousel on youtube! | F55: 1686 | G55: 904 | H55: 472 | I55: 18546 | J55: 18171 | K55: 52 | L55: #FutureOfDriving | O55: ModelYCampaign | P55: ModelYCampaign
A56: P055 | B56: Facebook | C56: 45460 | D56: Image | E56: Check out our latest image on facebook! | F56: 1226 | G56: 119 | H56: 7 | I56: 14712 | J56: 14049 | K56: 123 | L56: #EVRevolution | O56: SustainabilityDrive | P56: SustainabilityDrive
A57: P056 | B57: Facebook | C57: 45644 | D57: Carousel | E57: Check out our latest carousel on facebook! | F57: 2946 | G57: 498 | H57: 367 | I57: 29460 | J57: 28527 | K57: 60 | L57: #FutureOfDriving | O57: FSDUpdate | P57: FSDUpdate
A58: P057 | B58: Twitter | C58: 45586 | D58: Video | E58: Check out our latest video on twitter! | F58: 2825 | G58: 535 | H58: 295 | I58: 45200 | J58: 44739 | K58: 169 | L58: #TeslaCoInnovation | O58: CybertruckLaunch | P58: CybertruckLaunch
A59: P058 | B59: Instagram | C59: 45762 | D59: Reel | E59: Check out our latest reel on instagram! | F59: 103 | G59: 770 | H59: 19 | I59: 1030 | J59: 410 | K59: 262 | L59: #TeslaCoInnovation | O59: SustainabilityDrive | P59: SustainabilityDrive
A60: P059 | B60: Instagram | C60: 45465 | D60: Text | E60: Check out our latest text on instagram! | F60: 2180 | G60: 263 | H60: 387 | I60: 30520 | J60: 30059 | K60: 174 | L60: #EVRevolution | P60: CybertruckLaunch
A61: P060 | B61: Instagram | C61: 45685 | D61: Video | E61: Check out our latest video on instagram! | F61: 904 | G61: 973 | H61: 63 | I61: 11752 | J61: 11580 | K61: 84 | L61: #EVRevolution | M61: #TeslaCoInnovation | N61: #AnytimeIsTeslaTime | O61: FSDUpdate | P61: FSDUpdate
A62: P061 | B62: Twitter | C62: 45540 | D62: Video | E62: Check out our latest video on twitter! | F62: 4886 | G62: 983 | H62: 409 | I62: 43974 | J62: 43239 | K62: 65 | L62: #TeslaCoInnovation | O62: CybertruckLaunch | P62: CybertruckLaunch
A63: P062 | B63: Twitter | C63: 45618 | D63: Carousel | E63: Check out our latest carousel on twitter! | F63: 53 | G63: 81 | H63: 379 | I63: 954 | J63: 7 | K63: 148 | L63: #TeslaCoInnovation | O63: FSDUpdate | P63: FSDUpdate
A64: P063 | B64: Twitter | C64: 45504 | D64: Carousel | E64: Check out our latest carousel on twitter! | F64: 4507 | G64: 217 | H64: 13 | I64: 90140 | J64: 89591 | K64: 125 | L64: #FutureOfDriving | O64: FSDUpdate | P64: FSDUpdate
A65: P064 | B65: Facebook | C65: 45521 | D65: Image | E65: Check out our latest image on facebook! | F65: 2878 | G65: 248 | H65: 416 | I65: 43170 | J65: 42667 | K65: 75 | L65: #FutureOfDriving | O65: FSDUpdate | P65: FSDUpdate
A66: P065 | B66: Instagram | C66: 45744 | D66: Story | E66: Check out our latest story on instagram! | F66: 1881 | G66: 501 | H66: 99 | I66: 20691 | J66: 19987 | K66: 289 | L66: #EVRevolution | P66: CybertruckLaunch
A67: P066 | B67: Twitter | C67: 45499 | D67: Carousel | E67: Check out our latest carousel on twitter! | F67: 432 | G67: 171 | H67: 280 | I67: 3024 | J67: 2285 | K67: 184 | L67: #EVRevolution | O67: CybertruckLaunch | P67: CybertruckLaunch
A68: P067 | B68: Facebook | C68: 45745 | D68: Carousel | E68: Check out our latest carousel on facebook! | F68: 4712 | G68: 568 | H68: 127 | I68: 84816 | J68: 84691 | K68: 100 | L68: #EVRevolution | O68: FSDUpdate | P68: FSDUpdate
A69: P068 | B69: Instagram | C69: 45634 | D69: Story | E69: Check out our latest story on instagram! | F69: 2610 | G69: 126 | H69: 288 | I69: 15660 | J69: 15145 | K69: 73 | L69: #EVRevolution | P69: CybertruckLaunch
A70: P069 | B70: Twitter | C70: 45724 | D70: Text | E70: Check out our latest text on twitter! | F70: 1292 | G70: 626 | H70: 496 | I70: 25840 | J70: 24916 | K70: 149 | L70: #FutureOfDriving | O70: FSDUpdate | P70: FSDUpdate
A71: P070 | B71: Facebook | C71: 45749 | D71: Video | E71: Check out our latest video on facebook! | F71: 199 | G71: 772 | H71: 400 | I71: 3582 | J71: 2988 | K71: 43 | L71: #TeslaCoInnovation | P71: ModelYCampaign
A72: P071 | B72: YouTube | C72: 45537 | D72: Carousel | E72: Check out our latest carousel on youtube! | F72: 2551 | G72: 915 | H72: 205 | I72: 30612 | J72: 30360 | K72: 227 | L72: #TeslaCoInnovation | O72: ModelYCampaign | P72: ModelYCampaign
A73: P072 | B73: YouTube | C73: 45719 | D73: Reel | E73: Check out our latest reel on youtube! | F73: 296 | G73: 60 | H73: 141 | I73: 5624 | J73: 5239 | K73: 88 | L73: #EVRevolution | O73: ModelYCampaign | P73: ModelYCampaign
A74: P073 | B74: Facebook | C74: 45583 | D74: Story | E74: Check out our latest story on facebook! | F74: 4126 | G74: 426 | H74: 486 | I74: 78394 | J74: 77798 | K74: 88 | L74: #FutureOfDriving | O74: SustainabilityDrive | P74: SustainabilityDrive
A75: P074 | B75: YouTube | C75: 45593 | D75: Reel | E75: Check out our latest reel on youtube! | F75: 1855 | G75: 200 | H75: 174 | I75: 16695 | J75: 16330 | K75: 123 | L75: #TeslaCoInnovation | O75: FSDUpdate | P75: FSDUpdate
A76: P075 | B76: Instagram | C76: 45505 | D76: Reel | E76: Check out our latest reel on instagram! | F76: 1674 | G76: 929 | H76: 37 | I76: 21762 | J76: 20998 | K76: 255 | L76: #TeslaCoInnovation | O76: SustainabilityDrive | P76: SustainabilityDrive
A77: P076 | B77: Twitter | C77: 45603 | D77: Story | E77: Check out our latest story on twitter! | F77: 1121 | G77: 135 | H77: 18 | I77: 15694 | J77: 14957 | K77: 99 | L77: #TeslaCoInnovation | O77: SustainabilityDrive | P77: SustainabilityDrive
A78: P077 | B78: Facebook | C78: 45720 | D78: Story | E78: Check out our latest story on facebook! | F78: 1249 | G78: 116 | H78: 420 | I78: 8743 | J78: 8538 | K78: 63 | L78: #TeslaCoInnovation | P78: ModelYCampaign
A79: P078 | B79: Twitter | C79: 45460 | D79: Image | E79: Check out our latest image on twitter! | F79: 954 | G79: 324 | H79: 288 | I79: 19080 | J79: 18859 | K79: 21 | L79: #FutureOfDriving | O79: SustainabilityDrive | P79: SustainabilityDrive
A80: P079 | B80: Instagram | C80: 45574 | D80: Carousel | E80: Check out our latest carousel on instagram! | F80: 3068 | G80: 137 | H80: 329 | I80: 39884 | J80: 39404 | K80: 266 | L80: #EVRevolution | O80: ModelYCampaign | P80: ModelYCampaign
A81: P080 | B81: Instagram | C81: 45456 | D81: Story | E81: Check out our latest story on instagram! | F81: 2103 | G81: 892 | H81: 103 | I81: 39957 | J81: 39466 | K81: 28 | L81: #FutureOfDriving | P81: SustainabilityDrive
A82: P081 | B82: Instagram | C82: 45584 | D82: Story | E82: Check out our latest story on instagram! | F82: 1816 | G82: 29 | H82: 41 | I82: 19976 | J82: 19262 | K82: 283 | L82: #TeslaCoInnovation | O82: FSDUpdate | P82: FSDUpdate
A83: P082 | B83: Instagram | C83: 45497 | D83: Image | E83: Check out our latest image on instagram! | F83: 725 | G83: 88 | H83: 428 | I83: 14500 | J83: 13637 | K83: 200 | L83: #FutureOfDriving | M83: #TeslaCoInnovation | N83: #AnytimeIsTeslaTime | O83: FSDUpdate | P83: FSDUpdate
A84: P083 | B84: YouTube | C84: 45580 | D84: Video | E84: Check out our latest video on youtube! | F84: 1094 | G84: 472 | H84: 21 | I84: 9846 | J84: 9609 | K84: 112 | L84: #EVRevolution | P84: CybertruckLaunch
A85: P084 | B85: Facebook | C85: 45635 | D85: Image | E85: Check out our latest image on facebook! | F85: 1841 | G85: 851 | H85: 342 | I85: 34979 | J85: 34154 | K85: 255 | L85: #FutureOfDriving | O85: SustainabilityDrive | P85: SustainabilityDrive
A86: P085 | B86: Instagram | C86: 45766 | D86: Image | E86: Check out our latest image on instagram! | F86: 4177 | G86: 569 | H86: 55 | I86: 25062 | J86: 24847 | K86: 230 | L86: #FutureOfDriving | O86: CybertruckLaunch | P86: CybertruckLaunch
A87: P086 | B87: YouTube | C87: 45684 | D87: Text | E87: Check out our latest text on youtube! | F87: 3428 | G87: 305 | H87: 85 | I87: 58276 | J87: 58052 | K87: 242 | L87: #EVRevolution | M87: #BetterWithTesla | O87: SustainabilityDrive | P87: SustainabilityDrive
A88: P087 | B88: Twitter | C88: 45449 | D88: Video | E88: Check out our latest video on twitter! | F88: 1436 | G88: 765 | H88: 496 | I88: 12924 | J88: 12701 | K88: 197 | L88: #FutureOfDriving | O88: FSDUpdate | P88: FSDUpdate
A89: P088 | B89: Facebook | C89: 45480 | D89: Story | E89: Check out our latest story on facebook! | F89: 302 | G89: 47 | H89: 430 | I89: 5738 | J89: 4890 | K89: 25 | L89: #TeslaCoInnovation | O89: SustainabilityDrive | P89: SustainabilityDrive
A90: P089 | B90: Twitter | C90: 45667 | D90: Image | E90: Check out our latest image on twitter! | F90: 2214 | G90: 249 | H90: 152 | I90: 15498 | J90: 14800 | K90: 180 | L90: #EVRevolution | P90: CybertruckLaunch
A91: P090 | B91: Instagram | C91: 45446 | D91: Image | E91: Check out our latest image on instagram! | F91: 3861 | G91: 960 | H91: 101 | I91: 69498 | J91: 68817 | K91: 297 | L91: #TeslaCoInnovation | O91: SustainabilityDrive | P91: SustainabilityDrive
A92: P091 | B92: Facebook | C92: 45740 | D92: Image | E92: Check out our latest image on facebook! | F92: 1263 | G92: 397 | H92: 357 | I92: 25260 | J92: 24615 | K92: 137 | L92: #EVRevolution | O92: SustainabilityDrive | P92: SustainabilityDrive
A93: P092 | B93: Twitter | C93: 45586 | D93: Story | E93: Check out our latest story on twitter! | F93: 3801 | G93: 967 | H93: 401 | I93: 38010 | J93: 37625 | K93: 236 | L93: #FutureOfDriving | O93: FSDUpdate | P93: FSDUpdate
A94: P093 | B94: Instagram | C94: 45637 | D94: Video | E94: Check out our latest video on instagram! | F94: 1431 | G94: 951 | H94: 26 | I94: 8586 | J94: 8396 | K94: 150 | L94: #EVRevolution | O94: FSDUpdate | P94: FSDUpdate
A95: P094 | B95: Instagram | C95: 45603 | D95: Image | E95: Check out our latest image on instagram! | F95: 2647 | G95: 304 | H95: 170 | I95: 18529 | J95: 17841 | K95: 46 | L95: #FutureOfDriving | O95: FSDUpdate | P95: FSDUpdate
A96: P095 | B96: Instagram | C96: 45604 | D96: Text | E96: Check out our latest text on instagram! | F96: 3182 | G96: 559 | H96: 160 | I96: 57276 | J96: 56890 | K96: 163 | L96: #FutureOfDriving | O96: SustainabilityDrive | P96: SustainabilityDrive
A97: P096 | B97: Twitter | C97: 45545 | D97: Image | E97: Check out our latest image on twitter! | F97: 1238 | G97: 366 | H97: 444 | I97: 19808 | J97: 19334 | K97: 123 | L97: #FutureOfDriving | P97: SustainabilityDrive
A98: P097 | B98: Instagram | C98: 45517 | D98: Image | E98: Check out our latest image on instagram! | F98: 4739 | G98: 527 | H98: 135 | I98: 61607 | J98: 61333 | K98: 36 | L98: #TeslaCoInnovation | M98: #AnytimeIsTeslaTime | O98: ModelYCampaign | P98: ModelYCampaign
A99: P098 | B99: Twitter | C99: 45453 | D99: Story | E99: Check out our latest story on twitter! | F99: 1575 | G99: 771 | H99: 486 | I99: 25200 | J99: 24826 | K99: 17 | L99: #FutureOfDriving | O99: SustainabilityDrive | P99: SustainabilityDrive
A100: P099 | B100: YouTube | C100: 45475 | D100: Carousel | E100: Check out our latest carousel on youtube! | F100: 4171 | G100: 548 | H100: 86 | I100: 66736 | J100: 66634 | K100: 173 | L100: #FutureOfDriving | O100: FSDUpdate | P100: FSDUpdate
...

Sheet Task 6
A1: Week_Start_Date | B1: Platform | C1: New_Followers | D1: Unfollows | E1: Total_Followers | F1: Engagement_Rate | G1: Ad_Spend | H1: Follower Growth Rate | I1: Net_Followers | R1: Week_Start_Date | S1: Grand Total | T1: 3-Week Moving Average
A2: 2024-06-03 | B2: Instagram | C2: 1135 | D2: 88 | E2: 344084 | F2: 8.06 | G2: 5904 | H2: =(C2-D2)/E2 -> 0.0030428616 | I2: =C2-D2 -> 1047 | R2: 45656 | S2: 6530
A3: 2024-06-03 | B3: Facebook | C3: 1312 | D3: 310 | E3: 42654 | F3: 4.98 | G3: 9566 | H3: =(C3-D3)/E3 -> 0.023491349 | I3: =C3-D3 -> 1002 | K3: Sum of Net_Followers | L3: Column Labels | R3: 45698 | S3: 5281
A4: 2024-06-03 | B4: Twitter | C4: 584 | D4: 169 | E4: 146834 | F4: 8.31 | G4: 26752 | H4: =(C4-D4)/E4 -> 0.0028263209 | I4: =C4-D4 -> 415 | K4: Week_Start_Date | L4: Facebook | M4: Instagram | N4: Twitter | O4: YouTube | P4: Grand Total | R4: 45642 | S4: 5044 | T4: =AVERAGE(S2:S4) -> 5618.3333
A5: 2024-06-03 | B5: YouTube | C5: 1535 | D5: 445 | E5: 395536 | F5: 4.11 | G5: 30671 | H5: =(C5-D5)/E5 -> 0.0027557542 | I5: =C5-D5 -> 1090 | K5: 2024-12-30 | L5: 1776 | M5: 1765 | N5: 1529 | O5: 1460 | P5: 6530 | R5: 45712 | S5: 4806 | T5: =AVERAGE(S3:S5) -> 5043.6667
A6: 2024-06-10 | B6: Instagram | C6: 656 | D6: 139 | E6: 49157 | F6: 9.05 | G6: 9920 | H6: =(C6-D6)/E6 -> 0.010517322 | I6: =C6-D6 -> 517 | K6: 2025-02-10 | L6: 912 | M6: 1723 | N6: 1202 | O6: 1444 | P6: 5281 | R6: 45628 | S6: 4795 | T6: =AVERAGE(S4:S6) -> 4881.6667
A7: 2024-06-10 | B7: Facebook | C7: 1697 | D7: 414 | E7: 316555 | F7: 2.37 | G7: 7924 | H7: =(C7-D7)/E7 -> 0.0040530082 | I7: =C7-D7 -> 1283 | K7: 2024-12-16 | L7: 1377 | M7: 1432 | N7: 1359 | O7: 876 | P7: 5044 | R7: 45635 | S7: 4792 | T7: =AVERAGE(S5:S7) -> 4797.6667
A8: 2024-06-10 | B8: Twitter | C8: 436 | D8: 250 | E8: 254347 | F8: 4.01 | G8: 8912 | H8: =(C8-D8)/E8 -> 0.00073128443 | I8: =C8-D8 -> 186 | K8: 2025-02-24 | L8: 1707 | M8: 1375 | N8: 708 | O8: 1016 | P8: 4806 | R8: 45782 | S8: 4594 | T8: =AVERAGE(S6:S8) -> 4727
A9: 2024-06-10 | B9: YouTube | C9: 1197 | D9: 203 | E9: 413878 | F9: 3.16 | G9: 21205 | H9: =(C9-D9)/E9 -> 0.0024016739 | I9: =C9-D9 -> 994 | K9: 2024-12-02 | L9: 1706 | M9: 1625 | N9: 1173 | O9: 291 | P9: 4795 | R9: 45600 | S9: 4584 | T9: =AVERAGE(S7:S9) -> 4656.6667
A10: 2024-06-17 | B10: Instagram | C10: 1048 | D10: 155 | E10: 456946 | F10: 2.46 | G10: 11329 | H10: =(C10-D10)/E10 -> 0.0019542791 | I10: =C10-D10 -> 893 | K10: 2024-12-09 | L10: 1373 | M10: 1119 | N10: 1727 | O10: 573 | P10: 4792 | R10: 45544 | S10: 4360 | T10: =AVERAGE(S8:S10) -> 4512.6667
A11: 2024-06-17 | B11: Facebook | C11: 1753 | D11: 371 | E11: 169496 | F11: 8.11 | G11: 46670 | H11: =(C11-D11)/E11 -> 0.0081535847 | I11: =C11-D11 -> 1382 | K11: 2025-05-05 | L11: 339 | M11: 1881 | N11: 1510 | O11: 864 | P11: 4594 | R11: 45747 | S11: 4298 | T11: =AVERAGE(S9:S11) -> 4414
A12: 2024-06-17 | B12: Twitter | C12: 1335 | D12: 40 | E12: 122732 | F12: 8.19 | G12: 22482 | H12: =(C12-D12)/E12 -> 0.010551445 | I12: =C12-D12 -> 1295 | K12: 2024-11-04 | L12: 540 | M12: 1397 | N12: 1603 | O12: 1044 | P12: 4584 | R12: 45733 | S12: 4042 | T12: =AVERAGE(S10:S12) -> 4233.3333
A13: 2024-06-17 | B13: YouTube | C13: 403 | D13: 66 | E13: 382851 | F13: 3.49 | G13: 24313 | H13: =(C13-D13)/E13 -> 0.000880238 | I13: =C13-D13 -> 337 | K13: 2024-09-09 | L13: 1428 | M13: 1572 | N13: 260 | O13: 1100 | P13: 4360 | R13: 45768 | S13: 4040 | T13: =AVERAGE(S11:S13) -> 4126.6667
A14: 2024-06-24 | B14: Instagram | C14: 911 | D14: 282 | E14: 35664 | F14: 6.92 | G14: 18050 | H14: =(C14-D14)/E14 -> 0.017636833 | I14: =C14-D14 -> 629 | K14: 2025-03-31 | L14: 514 | M14: 641 | N14: 1676 | O14: 1467 | P14: 4298 | R14: 45621 | S14: 4008 | T14: =AVERAGE(S12:S14) -> 4030
A15: 2024-06-24 | B15: Facebook | C15: 1779 | D15: 109 | E15: 26295 | F15: 9.12 | G15: 30635 | H15: =(C15-D15)/E15 -> 0.063510173 | I15: =C15-D15 -> 1670 | K15: 2025-03-17 | L15: 1116 | M15: 680 | N15: 861 | O15: 1385 | P15: 4042 | R15: 45649 | S15: 3914 | T15: =AVERAGE(S13:S15) -> 3987.3333
A16: 2024-06-24 | B16: Twitter | C16: 1238 | D16: 403 | E16: 298421 | F16: 3.5 | G16: 31280 | H16: =(C16-D16)/E16 -> 0.0027980605 | I16: =C16-D16 -> 835 | K16: 2025-04-21 | L16: 1045 | M16: 603 | N16: 759 | O16: 1633 | P16: 4040 | R16: 45460 | S16: 3907 | T16: =AVERAGE(S14:S16) -> 3943
... A51: 2024-08-26 | B51: Facebook | C51: 248 | D51: 211 | E51: 379380 | F51: 9.04 | G51: 26925 | H51: =(C51-D51)/E51 -> 9.7527545e-05 | I51: =C51-D51 -> 37 | K51: 2024-07-01 | L51: 64 | M51: -219 | N51: 1357 | O51: 91 | P51: 1293 | R51: 45761 | S51: -137 | T51: =AVERAGE(S49:S51) -> 397.66667
A52: 2024-08-26 | B52: Twitter | C52: 1300 | D52: 71 | E52: 186454 | F52: 3.91 | G52: 9942 | H52: =(C52-D52)/E52 -> 0.0065914381 | I52: =C52-D52 -> 1229 | K52: 2024-08-05 | L52: -197 | M52: 352 | N52: 328 | O52: 319 | P52: 802
A53: 2024-08-26 | B53: YouTube | C53: 422 | D53: 394 | E53: 239044 | F53: 7.83 | G53: 32929 | H53: =(C53-D53)/E53 -> 0.00011713325 | I53: =C53-D53 -> 28 | K53: 2024-11-18 | L53: 72 | M53: -49 | N53: 445 | O53: 60 | P53: 528
A54: 2024-09-02 | B54: Instagram | C54: 1429 | D54: 182 | E54: 101332 | F54: 7.16 | G54: 37829 | H54: =(C54-D54)/E54 -> 0.012306083 | I54: =C54-D54 -> 1247 | K54: 2025-04-14 | L54: -175 | M54: -160 | N54: 53 | O54: 145 | P54: -137
A55: 2024-09-02 | B55: Facebook | C55: 1520 | D55: 475 | E55: 496982 | F55: 6.41 | G55: 24384 | H55: =(C55-D55)/E55 -> 0.0021026918 | I55: =C55-D55 -> 1045 | K55: Grand Total | L55: 35557 | M55: 48004 | N55: 41177 | O55: 35367 | P55: 160105
A56: 2024-09-02 | B56: Twitter | C56: 557 | D56: 360 | E56: 318779 | F56: 8.02 | G56: 25797 | H56: =(C56-D56)/E56 -> 0.00061798299 | I56: =C56-D56 -> 197
A57: 2024-09-02 | B57: YouTube | C57: 728 | D57: 395 | E57: 370971 | F57: 3.86 | G57: 12646 | H57: =(C57-D57)/E57 -> 0.00089764429 | I57: =C57-D57 -> 333
A58: 2024-09-09 | B58: Instagram | C58: 1592 | D58: 20 | E58: 378054 | F58: 9.09 | G58: 26663 | H58: =(C58-D58)/E58 -> 0.0041581361 | I58: =C58-D58 -> 1572
A59: 2024-09-09 | B59: Facebook | C59: 1842 | D59: 414 | E59: 307524 | F59: 1.76 | G59: 40478 | H59: =(C59-D59)/E59 -> 0.00464354 | I59: =C59-D59 -> 1428
A60: 2024-09-09 | B60: Twitter | C60: 751 | D60: 491 | E60: 434047 | F60: 9.24 | G60: 15476 | H60: =(C60-D60)/E60 -> 0.00059901347 | I60: =C60-D60 -> 260
A61: 2024-09-09 | B61: YouTube | C61: 1409 | D61: 309 | E61: 64583 | F61: 8.99 | G61: 10217 | H61: =(C61-D61)/E61 -> 0.017032346 | I61: =C61-D61 -> 1100
A62: 2024-09-16 | B62: Instagram | C62: 778 | D62: 401 | E62: 50793 | F62: 3.4 | G62: 21939 | H62: =(C62-D62)/E62 -> 0.0074222826 | I62: =C62-D62 -> 377
A63: 2024-09-16 | B63: Facebook | C63: 443 | D63: 345 | E63: 474162 | F63: 9.2 | G63: 47462 | H63: =(C63-D63)/E63 -> 0.00020668042 | I63: =C63-D63 -> 98
A64: 2024-09-16 | B64: Twitter | C64: 1472 | D64: 347 | E64: 392355 | F64: 8.59 | G64: 30270 | H64: =(C64-D64)/E64 -> 0.0028673013 | I64: =C64-D64 -> 1125
A65: 2024-09-16 | B65: YouTube | C65: 123 | D65: 155 | E65: 119934 | F65: 3.5 | G65: 5442 | H65: =(C65-D65)/E65 -> -0.00026681341 | I65: =C65-D65 -> -32
A66: 2024-09-23 | B66: Instagram | C66: 817 | D66: 151 | E66: 422625 | F66: 2.36 | G66: 1083 | H66: =(C66-D66)/E66 -> 0.0015758651 | I66: =C66-D66 -> 666
A67: 2024-09-23 | B67: Facebook | C67: 198 | D67: 217 | E67: 239753 | F67: 7.36 | G67: 11901 | H67: =(C67-D67)/E67 -> -7.9248226e-05 | I67: =C67-D67 -> -19
... A201: 2025-05-12 | B201: YouTube | C201: 119 | D201: 456 | E201: 82558 | F201: 6.81 | G201: 12174 | H201: =(C201-D201)/E201 -> -0.0040819787 | I201: =C201-D201 -> -337

Sheet Task 5.2
A1: Post ID | B1: Platform | C1: Date | D1: Content Type | E1: Post Text | F1: Likes | G1: Shares | H1: Comments | I1: Impressions | J1: Reach | K1: Clicks | L1: Hashtags Used.1 | M1: Hashtags Used.2 | N1: Hashtags Used.3 | O1: Campaign_Name | P1: Campaign_Name_Filled | Q1: Engagement Rate | R1: Total Engagement
A2: P001 | B2: Twitter | C2: 45649 | D2: Reel | E2: Check out our latest reel on twitter! | F2: 1461 | G2: 184 | H2: 344 | I2: 21915 | J2: 21675 | K2: 15 | L2: #FutureOfDriving | M2: #AnytimeIsTeslaTime | O2: CybertruckLaunch | P2: CybertruckLaunch | Q2: =(Table1_21718[[#This Row],[Likes]]+Table1_21718[[#This Row],[Shares]]+Table1_21718[[#This Row],[Comments]])/Table1_21718[[#This Row],[Impressions]] -> 0.090759754 | R2: =Table1_21718[[#This Row],[Likes]]+Table1_21718[[#This Row],[Shares]]+Table1_21718[[#This Row],[Comments]] -> 1989 | T2: Row Labels | U2: Sum of Impressions | V2: Sum of Likes | W2: Sum of Clicks | X2: Average of Impressions2 | Y2: Average of Likes2 | Z2: Average of Clicks2 | AA2: Average of Engagement Rate | AB2: Sum of Total Engagement | AE2: Campaign Name | AF2: Ad_Spend | AG2: ROI | AH2: Sum of Total Engagement
A3: P002 | B3: Twitter | C3: 45750 | D3: Text | E3: Check out our latest text on twitter! | F3: 4054 | G3: 389 | H3: 493 | I3: 64864 | J3: 64383 | K3: 117 | L3: #TeslaCoInnovation | M3: #BetterWithTesla | O3: ModelYCampaign | P3: ModelYCampaign | Q3: =(Table1_21718[[#This Row],[Likes]]+Table1_21718[[#This Row],[Shares]]+Table1_21718[[#This Row],[Comments]])/Table1_21718[[#This Row],[Impressions]] -> 0.076097681 | R3: =Table1_21718[[#This Row],[Likes]]+Table1_21718[[#This Row],[Shares]]+Table1_21718[[#This Row],[Comments]] -> 4936 | T3: CybertruckLaunch | U3: 2426285 | V3: 189114 | W3: 9604 | X3: 35680.662 | Y3: 2781.0882 | Z3: 141.23529 | AA3: 0.15889598 | AB3: 235631 | AE3: CybertruckLaunch | AF3: =VLOOKUP(T3, 'Campaign Metadata'!A1:G5, 5,FALSE) -> 150000 | AG3: =AH3/AF3 -> 1.5708733 | AH3: =GETPIVOTDATA("Sum of Total Engagement",$T$2,"Campaign_Name_Filled","CybertruckLaunch") -> 235631
A4: P003 | B4: YouTube | C4: 45789 | D4: Reel | E4: Check out our latest reel on youtube! | F4: 2795 | G4: 105 | H4: 49 | I4: 53105 | J4: 52307 | K4: 204 | L4: #TeslaCoInnovation | O4: FSDUpdate | P4: FSDUpdate | Q4: =(Table1_21718[[#This Row],[Likes]]+Table1_21718[[#This Row],[Shares]]+Table1_21718[[#This Row],[Comments]])/Table1_21718[[#This Row],[Impressions]] -> 0.055531494 | R4: =Table1_21718[[#This Row],[Likes]]+Table1_21718[[#This Row],[Shares]]+Table1_21718[[#This Row],[Comments]] -> 2949 | T4: FSDUpdate | U4: 2266053 | V4: 183346 | W4: 10032 | X4: 33821.687 | Y4: 2736.5075 | Z4: 149.73134 | AA4: 0.14399919 | AB4: 232821 | AE4: FSDUpdate | AF4: =VLOOKUP(T4, 'Campaign Metadata'!A2:G6, 5,FALSE) -> 250000 | AG4: =AH4/AF4 -> 0.931284 | AH4: =GETPIVOTDATA("Sum of Total Engagement",$T$2,"Campaign_Name_Filled","FSDUpdate") -> 232821
A5: P004 | B5: Instagram | C5: 45516 | D5: Story | E5: Check out our latest story on instagram! | F5: 2404 | G5: 363 | H5: 138 | I5: 19232 | J5: 18636 | K5: 128 | L5: #EVRevolution | O5: SustainabilityDrive | P5: SustainabilityDrive | Q5: =(Table1_21718[[#This Row],[Likes]]+Table1_21718[[#This Row],[Shares]]+Table1_21718[[#This Row],[Comments]])/Table1_21718[[#This Row],[Impressions]] -> 0.15105033 | R5: =Table1_21718[[#This Row],[Likes]]+Table1_21718[[#This Row],[Shares]]+Table1_21718[[#This Row],[Comments]] -> 2905 | T5: ModelYCampaign | U5: 2632016 | V5: 206959 | W5: 12287 | X5: 34631.789 | Y5: 2723.1447 | Z5: 161.67105 | AA5: 0.13973712 | AB5: 262487 | AE5: ModelYCampaign | AF5: =VLOOKUP(T5, 'Campaign Metadata'!A3:G7, 5,FALSE) -> 200000 | AG5: =AH5/AF5 -> 1.312435 | AH5: =GETPIVOTDATA("Sum of Total Engagement",$T$2,"Campaign_Name_Filled","ModelYCampaign") -> 262487
A6: P005 | B6: YouTube | C6: 45469 | D6: Reel | E6: Check out our latest reel on youtube! | F6: 3557 | G6: 687 | H6: 424 | I6: 71140 | J6: 70701 | K6: 224 | L6: #EVRevolution | M6: #TeslaCoInnovation | O6: CybertruckLaunch | P6: CybertruckLaunch | Q6: =(Table1_21718[[#This Row],[Likes]]+Table1_21718[[#This Row],[Shares]]+Table1_21718[[#This Row],[Comments]])/Table1_21718[[#This Row],[Impressions]] -> 0.065617093 | R6: =Table1_21718[[#This Row],[Likes]]+Table1_21718[[#This Row],[Shares]]+Table1_21718[[#This Row],[Comments]] -> 4668 | T6: SustainabilityDrive | U6: 3069799 | V6: 240572 | W6: 13443 | X6: 34492.124 | Y6: 2703.0562 | Z6: 151.04494 | AA6: 0.15069577 | AB6: 306828 | AE6: SustainabilityDrive | AF6: =VLOOKUP(T6, 'Campaign Metadata'!A4:G8, 5,FALSE) -> 180000 | AG6: =AH6/AF6 -> 1.7046 | AH6: =GETPIVOTDATA("Sum of Total Engagement",$T$2,"Campaign_Name_Filled","SustainabilityDrive") -> 306828
A7: P006 | B7: Facebook | C7: 45596 | D7: Carousel | E7: Check out our latest carousel on facebook! | F7: 2945 | G7: 930 | H7: 355 | I7: 23560 | J7: 23275 | K7: 256 | L7: #TeslaCoInnovation | O7: ModelYCampaign | P7: ModelYCampaign | Q7: =(Table1_21718[[#This Row],[Likes]]+Table1_21718[[#This Row],[Shares]]+Table1_21718[[#This Row],[Comments]])/Table1_21718[[#This Row],[Impressions]] -> 0.1795416 | R7: =Table1_21718[[#This Row],[Likes]]+Table1_21718[[#This Row],[Shares]]+Table1_21718[[#This Row],[Comments]] -> 4230 | T7: Grand Total | U7: 10394153 | V7: 819991 | W7: 45366 | X7: 34647.177 | Y7: 2733.3033 | Z7: 151.22 | AA7: 0.14828272 | AB7: 1037767
A8: P007 | B8: Twitter | C8: 45467 | D8: Carousel | E8: Check out our latest carousel on twitter! | F8: 3860 | G8: 201 | H8: 279 | I8: 61760 | J8: 61660 | K8: 235 | L8: #TeslaCoInnovation | O8: ModelYCampaign | P8: ModelYCampaign | Q8: =(Table1_21718[[#This Row],[Likes]]+Table1_21718[[#This Row],[Shares]]+Table1_21718[[#This Row],[Comments]])/Table1_21718[[#This Row],[Impressions]] -> 0.070272021 | R8: =Table1_21718[[#This Row],[Likes]]+Table1_21718[[#This Row],[Shares]]+Table1_21718[[#This Row],[Comments]] -> 4340
A9: P008 | B9: YouTube | C9: 45486 | D9: Image | E9: Check out our latest image on youtube! | F9: 3929 | G9: 262 | H9: 278 | I9: 43219 | J9: 42841 | K9: 39 | L9: #EVRevolution | O9: SustainabilityDrive | P9: SustainabilityDrive | Q9: =(Table1_21718[[#This Row],[Likes]]+Table1_21718[[#This Row],[Shares]]+Table1_21718[[#This Row],[Comments]])/Table1_21718[[#This Row],[Impressions]] -> 0.1034036 | R9: =Table1_21718[[#This Row],[Likes]]+Table1_21718[[#This Row],[Shares]]+Table1_21718[[#This Row],[Comments]] -> 4469
A10: P009 | B10: Facebook | C10: 45534 | D10: Text | E10: Check out our latest text on facebook! | F10: 3784 | G10: 808 | H10: 404 | I10: 56760 | J10: 56343 | K10: 131 | L10: #TeslaCoInnovation | O10: ModelYCampaign | P10: ModelYCampaign | Q10: =(Table1_21718[[#This Row],[Likes]]+Table1_21718[[#This Row],[Shares]]+Table1_21718[[#This Row],[Comments]])/Table1_21718[[#This Row],[Impressions]] -> 0.088019732 | R10: =Table1_21718[[#This Row],[Likes]]+Table1_21718[[#This Row],[Shares]]+Table1_21718[[#This Row],[Comments]] -> 4996
A11: P010 | B11: Facebook | C11: 45727 | D11: Image | E11: Check out our latest image on facebook! | F11: 4241 | G11: 902 | H11: 47 | I11: 72097 | J11: 71598 | K11: 167 | L11: #TeslaCoInnovation | O11: ModelYCampaign | P11: ModelYCampaign | Q11: =(Table1_21718[[#This Row],[Likes]]+Table1_21718[[#This Row],[Shares]]+Table1_21718[[#This Row],[Comments]])/Table1_21718[[#This Row],[Impressions]] -> 0.071986352 | R11: =Table1_21718[[#This Row],[Likes]]+Table1_21718[[#This Row],[Shares]]+Table1_21718[[#This Row],[Comments]] -> 5190
A12: P011 | B12: Instagram | C12: 45690 | D12: Story | E12: Check out our latest story on instagram! | F12: 1792 | G12: 614 | H12: 497 | I12: 25088 | J12: 24675 | K12: 65 | L12: #FutureOfDriving | O12: SustainabilityDrive | P12: SustainabilityDrive | Q12: =(Table1_21718[[#This Row],[Likes]]+Table1_21718[[#This Row],[Shares]]+Table1_21718[[#This Row],[Comments]])/Table1_21718[[#This Row],[Impressions]] -> 0.11571269 | R12: =Table1_21718[[#This Row],[Likes]]+Table1_21718[[#This Row],[Shares]]+Table1_21718[[#This Row],[Comments]] -> 2903
A13: P012 | B13: Facebook | C13: 45494 | D13: Reel | E13: Check out our latest reel on facebook! | F13: 1946 | G13: 686 | H13: 377 | I13: 23352 | J13: 22982 | K13: 213 | L13: #FutureOfDriving | O13: FSDUpdate | P13: FSDUpdate | Q13: =(Table1_21718[[#This Row],[Likes]]+Table1_21718[[#This Row],[Shares]]+Table1_21718[[#This Row],[Comments]])/Table1_21718[[#This Row],[Impressions]] -> 0.12885406 | R13: =Table1_21718[[#This Row],[Likes]]+Table1_21718[[#This Row],[Shares]]+Table1_21718[[#This Row],[Comments]] -> 3009
A14: P013 | B14: YouTube | C14: 45614 | D14: Carousel | E14: Check out our latest carousel on youtube! | F14: 1171 | G14: 286 | H14: 231 | I14: 22249 | J14: 21282 | K14: 114 | L14: #EVRevolution | O14: CybertruckLaunch | P14: CybertruckLaunch | Q14: =(Table1_21718[[#This Row],[Likes]]+Table1_21718[[#This Row],[Shares]]+Table1_21718[[#This Row],[Comments]])/Table1_21718[[#This Row],[Impressions]] -> 0.075868578 | R14: =Table1_21718[[#This Row],[Likes]]+Table1_21718[[#This Row],[Shares]]+Table1_21718[[#This Row],[Comments]] -> 1688
A15: P014 | B15: Facebook | C15: 45704 | D15: Story | E15: Check out our latest story on facebook! | F15: 4242 | G15: 555 | H15: 131 | I15: 33936 | J15: 33802 | K15: 265 | L15: #FutureOfDriving | P15: SustainabilityDrive | Q15: =(Table1_21718[[#This Row],[Likes]]+Table1_21718[[#This Row],[Shares]]+Table1_21718[[#This Row],[Comments]])/Table1_21718[[#This Row],[Impressions]] -> 0.14521452 | R15: =Table1_21718[[#This Row],[Likes]]+Table1_21718[[#This Row],[Shares]]+Table1_21718[[#This Row],[Comments]] -> 4928
A16: P015 | B16: Facebook | C16: 45589 | D16: Video | E16: Check out our latest video on facebook! | F16: 3888 | G16: 604 | H16: 128 | I16: 77760 | J16: 77167 | K16: 20 | L16: #FutureOfDriving | O16: CybertruckLaunch | P16: CybertruckLaunch | Q16: =(Table1_21718[[#This Row],[Likes]]+Table1_21718[[#This Row],[Shares]]+Table1_21718[[#This Row],[Comments]])/Table1_21718[[#This Row],[Impressions]] -> 0.05941358 | R16: =Table1_21718[[#This Row],[Likes]]+Table1_21718[[#This Row],[Shares]]+Table1_21718[[#This Row],[Comments]] -> 4620
A17: P016 | B17: Facebook | C17: 45530 | D17: Text | E17: Check out our latest text on facebook! | F17: 3452 | G17: 377 | H17: 360 | I17: 55232 | J17: 55075 | K17: 87 | L17: #FutureOfDriving | O17: FSDUpdate | P17: FSDUpdate | Q17: =(Table1_21718[[#This Row],[Likes]]+Table1_21718[[#This Row],[Shares]]+Table1_21718[[#This Row],[Comments]])/Table1_21718[[#This Row],[Impressions]] -> 0.075843714 | R17: =Table1_21718[[#This Row],[Likes]]+Table1_21718[[#This Row],[Shares]]+Table1_21718[[#This Row],[Comments]] -> 4189
A18: P017 | B18: Facebook | C18: 45782 | D18: Text | E18: Check out our latest text on facebook! | F18: 4441 | G18: 511 | H18: 70 | I18: 53292 | J18: 53082 | K18: 159 | L18: #EVRevolution | O18: SustainabilityDrive | P18: SustainabilityDrive | Q18: =(Table1_21718[[#This Row],[Likes]]+Table1_21718[[#This Row],[Shares]]+Table1_21718[[#This Row],[Comments]])/Table1_21718[[#This Row],[Impressions]] -> 0.094235533 | R18: =Table1_21718[[#This Row],[Likes]]+Table1_21718[[#This Row],[Shares]]+Table1_21718[[#This Row],[Comments]] -> 5022
A19: P018 | B19: Instagram | C19: 45523 | D19: Reel | E19: Check out our latest reel on instagram! | F19: 3000 | G19: 382 | H19: 325 | I19: 36000 | J19: 35819 | K19: 19 | L19: #FutureOfDriving | O19: CybertruckLaunch | P19: CybertruckLaunch | Q19: =(Table1_21718[[#This Row],[Likes]]+Table1_21718[[#This Row],[Shares]]+Table1_21718[[#This Row],[Comments]])/Table1_21718[[#This Row],[Impressions]] -> 0.10297222 | R19: =Table1_21718[[#This Row],[Likes]]+Table1_21718[[#This Row],[Shares]]+Table1_21718[[#This Row],[Comments]] -> 3707
A20: P019 | B20: Instagram | C20: 45466 | D20: Video | E20: Check out our latest video on instagram! | F20: 1071 | G20: 519 | H20: 22 | I20: 16065 | J20: 15865 | K20: 103 | L20: #TeslaCoInnovation | O20: SustainabilityDrive | P20: SustainabilityDrive | Q20: =(Table1_21718[[#This Row],[Likes]]+Table1_21718[[#This Row],[Shares]]+Table1_21718[[#This Row],[Comments]])/Table1_21718[[#This Row],[Impressions]] -> 0.10034236 | R20: =Table1_21718[[#This Row],[Likes]]+Table1_21718[[#This Row],[Shares]]+Table1_21718[[#This Row],[Comments]] -> 1612
A21: P020 | B21: Instagram | C21: 45544 | D21: Carousel | E21: Check out our latest carousel on instagram! | F21: 4054 | G21: 488 | H21: 373 | I21: 77026 | J21: 76881 | K21: 25 | L21: #TeslaCoInnovation | O21: CybertruckLaunch | P21: CybertruckLaunch | Q21: =(Table1_21718[[#This Row],[Likes]]+Table1_21718[[#This Row],[Shares]]+Table1_21718[[#This Row],[Comments]])/Table1_21718[[#This Row],[Impressions]] -> 0.063809623 | R21: =Table1_21718[[#This Row],[Likes]]+Table1_21718[[#This Row],[Shares]]+Table1_21718[[#This Row],[Comments]] -> 4915
A22: P021 | B22: Instagram | C22: 45661 | D22: Reel | E22: Check out our latest reel on instagram! | F22: 4838 | G22: 640 | H22: 128 | I22: 72570 | J22: 72396 | K22: 83 | L22: #FutureOfDriving | O22: SustainabilityDrive | P22: SustainabilityDrive | Q22: =(Table1_21718[[#This Row],[Likes]]+Table1_21718[[#This Row],[Shares]]+Table1_21718[[#This Row],[Comments]])/Table1_21718[[#This Row],[Impressions]] -> 0.077249552 | R22: =Table1_21718[[#This Row],[Likes]]+Table1_21718[[#This Row],[Shares]]+Table1_21718[[#This Row],[Comments]] -> 5606
A23: P022 | B23: Facebook | C23: 45715 | D23: Text | E23: Check out our latest text on facebook! | F23: 1570 | G23: 187 | H23: 260 | I23: 25120 | J23: 24613 | K23: 133 | L23: #TeslaCoInnovation | O23: SustainabilityDrive | P23: SustainabilityDrive | Q23: =(Table1_21718[[#This Row],[Likes]]+Table1_21718[[#This Row],[Shares]]+Table1_21718[[#This Row],[Comments]])/Table1_21718[[#This Row],[Impressions]] -> 0.080294586 | R23: =Table1_21718[[#This Row],[Likes]]+Table1_21718[[#This Row],[Shares]]+Table1_21718[[#This Row],[Comments]] -> 2017
A24: P023 | B24: Facebook | C24: 45602 | D24: Video | E24: Check out our latest video on facebook! | F24: 1606 | G24: 547 | H24: 316 | I24: 32120 | J24: 31736 | K24: 225 | L24: #TeslaCoInnovation | M24: #AnytimeIsTeslaTime | O24: ModelYCampaign | P24: ModelYCampaign | Q24: =(Table1_21718[[#This Row],[Likes]]+Table1_21718[[#This Row],[Shares]]+Table1_21718[[#This Row],[Comments]])/Table1_21718[[#This Row],[Impressions]] -> 0.076867995 | R24: =Table1_21718[[#This Row],[Likes]]+Table1_21718[[#This Row],[Shares]]+Table1_21718[[#This Row],[Comments]] -> 2469
A25: P024 | B25: Facebook | C25: 45680 | D25: Video | E25: Check out our latest video on facebook! | F25: 3961 | G25: 761 | H25: 131 | I25: 67337 | J25: 66615 | K25: 161 | L25: #FutureOfDriving | O25: FSDUpdate | P25: FSDUpdate | Q25: =(Table1_21718[[#This Row],[Likes]]+Table1_21718[[#This Row],[Shares]]+Table1_21718[[#This Row],[Comments]])/Table1_21718[[#This Row],[Impressions]] -> 0.072070333 | R25: =Table1_21718[[#This Row],[Likes]]+Table1_21718[[#This Row],[Shares]]+Table1_21718[[#This Row],[Comments]] -> 4853
A26: P025 | B26: Twitter | C26: 45757 | D26: Carousel | E26: Check out our latest carousel on twitter! | F26: 3128 | G26: 211 | H26: 197 | I26: 59432 | J26: 59182 | K26: 238 | L26: #EVRevolution | P26: CybertruckLaunch | Q26: =(Table1_21718[[#This Row],[Likes]]+Table1_21718[[#This Row],[Shares]]+Table1_21718[[#This Row],[Comments]])/Table1_21718[[#This Row],[Impressions]] -> 0.059496568 | R26: =Table1_21718[[#This Row],[Likes]]+Table1_21718[[#This Row],[Shares]]+Table1_21718[[#This Row],[Comments]] -> 3536
A27: P026 | B27: YouTube | C27: 45752 | D27: Reel | E27: Check out our latest reel on youtube! | F27: 3009 | G27: 413 | H27: 358 | I27: 42126 | J27: 41309 | K27: 211 | L27: #FutureOfDriving | O27: ModelYCampaign | P27: ModelYCampaign | Q27: =(Table1_21718[[#This Row],[Likes]]+Table1_21718[[#This Row],[Shares]]+Table1_21718[[#This Row],[Comments]])/Table1_21718[[#This Row],[Impressions]] -> 0.089730808 | R27: =Table1_21718[[#This Row],[Likes]]+Table1_21718[[#This Row],[Shares]]+Table1_21718[[#This Row],[Comments]] -> 3780
A28: P027 | B28: YouTube | C28: 45552 | D28: Text | E28: Check out our latest text on youtube! | F28: 2076 | G28: 195 | H28: 104 | I28: 33216 | J28: 32244 | K28: 51 | L28: #FutureOfDriving | O28: SustainabilityDrive | P28: SustainabilityDrive | Q28: =(Table1_21718[[#This Row],[Likes]]+Table1_21718[[#This Row],[Shares]]+Table1_21718[[#This Row],[Comments]])/Table1_21718[[#This Row],[Impressions]] -> 0.071501686 | R28: =Table1_21718[[#This Row],[Likes]]+Table1_21718[[#This Row],[Shares]]+Table1_21718[[#This Row],[Comments]] -> 2375
A29: P028 | B29: Instagram | C29: 45720 | D29: Video | E29: Check out our latest video on instagram! | F29: 432 | G29: 624 | H29: 123 | I29: 6912 | J29: 6259 | K29: 79 | L29: #FutureOfDriving | O29: SustainabilityDrive | P29: SustainabilityDrive | Q29: =(Table1_21718[[#This Row],[Likes]]+Table1_21718[[#This Row],[Shares]]+Table1_21718[[#This Row],[Comments]])/Table1_21718[[#This Row],[Impressions]] -> 0.17057292 | R29: =Table1_21718[[#This Row],[Likes]]+Table1_21718[[#This Row],[Shares]]+Table1_21718[[#This Row],[Comments]] -> 1179
A30: P029 | B30: Instagram | C30: 45688 | D30: Carousel | E30: Check out our latest carousel on instagram! | F30: 2566 | G30: 118 | H30: 37 | I30: 12830 | J30: 12264 | K30: 221 | L30: #FutureOfDriving | O30: FSDUpdate | P30: FSDUpdate | Q30: =(Table1_21718[[#This Row],[Likes]]+Table1_21718[[#This Row],[Shares]]+Table1_21718[[#This Row],[Comments]])/Table1_21718[[#This Row],[Impressions]] -> 0.21208106 | R30: =Table1_21718[[#This Row],[Likes]]+Table1_21718[[#This Row],[Shares]]+Table1_21718[[#This Row],[Comments]] -> 2721
A31: P030 | B31: Instagram | C31: 45713 | D31: Video | E31: Check out our latest video on instagram! | F31: 3095 | G31: 39 | H31: 78 | I31: 55710 | J31: 54808 | K31: 93 | L31: #EVRevolution | P31: CybertruckLaunch | Q31: =(Table1_21718[[#This Row],[Likes]]+Table1_21718[[#This Row],[Shares]]+Table1_21718[[#This Row],[Comments]])/Table1_21718[[#This Row],[Impressions]] -> 0.057655717 | R31: =Table1_21718[[#This Row],[Likes]]+Table1_21718[[#This Row],[Shares]]+Table1_21718[[#This Row],[Comments]] -> 3212
A32: P031 | B32: Instagram | C32: 45642 | D32: Text | E32: Check out our latest text on instagram! | F32: 438 | G32: 153 | H32: 275 | I32: 3066 | J32: 2701 | K32: 282 | L32: #TeslaCoInnovation | O32: ModelYCampaign | P32: ModelYCampaign | Q32: =(Table1_21718[[#This Row],[Likes]]+Table1_21718[[#This Row],[Shares]]+Table1_21718[[#This Row],[Comments]])/Table1_21718[[#This Row],[Impressions]] -> 0.28245271 | R32: =Table1_21718[[#This Row],[Likes]]+Table1_21718[[#This Row],[Shares]]+Table1_21718[[#This Row],[Comments]] -> 866
A33: P032 | B33: Twitter | C33: 45504 | D33: Carousel | E33: Check out our latest carousel on twitter! | F33: 2278 | G33: 10 | H33: 321 | I33: 13668 | J33: 12676 | K33: 275 | L33: #EVRevolution | O33: CybertruckLaunch | P33: CybertruckLaunch | Q33: =(Table1_21718[[#This Row],[Likes]]+Table1_21718[[#This Row],[Shares]]+Table1_21718[[#This Row],[Comments]])/Table1_21718[[#This Row],[Impressions]] -> 0.19088382 | R33: =Table1_21718[[#This Row],[Likes]]+Table1_21718[[#This Row],[Shares]]+Table1_21718[[#This Row],[Comments]] -> 2609
A34: P033 | B34: Facebook | C34: 45525 | D34: Image | E34: Check out our latest image on facebook! | F34: 1407 | G34: 400 | H34: 351 | I34: 16884 | J34: 15954 | K34: 113 | L34: #TeslaCoInnovation | O34: CybertruckLaunch | P34: CybertruckLaunch | Q34: =(Table1_21718[[#This Row],[Likes]]+Table1_21718[[#This Row],[Shares]]+Table1_21718[[#This Row],[Comments]])/Table1_21718[[#This Row],[Impressions]] -> 0.12781331 | R34: =Table1_21718[[#This Row],[Likes]]+Table1_21718[[#This Row],[Shares]]+Table1_21718[[#This Row],[Comments]] -> 2158
A35: P034 | B35: Facebook | C35: 45742 | D35: Text | E35: Check out our latest text on facebook! | F35: 1652 | G35: 89 | H35: 357 | I35: 29736 | J35: 28771 | K35: 215 | L35: #TeslaCoInnovation | O35: FSDUpdate | P35: FSDUpdate | Q35: =(Table1_21718[[#This Row],[Likes]]+Table1_21718[[#This Row],[Shares]]+Table1_21718[[#This Row],[Comments]])/Table1_21718[[#This Row],[Impressions]] -> 0.07055421 | R35: =Table1_21718[[#This Row],[Likes]]+Table1_21718[[#This Row],[Shares]]+Table1_21718[[#This Row],[Comments]] -> 2098
A36: P035 | B36: Instagram | C36: 45626 | D36: Video | E36: Check out our latest video on instagram! | F36: 3775 | G36: 16 | H36: 239 | I36: 33975 | J36: 33310 | K36: 271 | L36: #FutureOfDriving | O36: ModelYCampaign | P36: ModelYCampaign | Q36: =(Table1_21718[[#This Row],[Likes]]+Table1_21718[[#This Row],[Shares]]+Table1_21718[[#This Row],[Comments]])/Table1_21718[[#This Row],[Impressions]] -> 0.11861663 | R36: =Table1_21718[[#This Row],[Likes]]+Table1_21718[[#This Row],[Shares]]+Table1_21718[[#This Row],[Comments]] -> 4030
A37: P036 | B37: Instagram | C37: 45766 | D37: Story | E37: Check out our latest story on instagram! | F37: 4518 | G37: 285 | H37: 383 | I37: 67770 | J37: 67621 | K37: 31 | L37: #EVRevolution | O37: ModelYCampaign | P37: ModelYCampaign | Q37: =(Table1_21718[[#This Row],[Likes]]+Table1_21718[[#This Row],[Shares]]+Table1_21718[[#This Row],[Comments]])/Table1_21718[[#This Row],[Impressions]] -> 0.076523535 | R37: =Table1_21718[[#This Row],[Likes]]+Table1_21718[[#This Row],[Shares]]+Table1_21718[[#This Row],[Comments]] -> 5186
A38: P037 | B38: Facebook | C38: 45663 | D38: Carousel | E38: Check out our latest carousel on facebook! | F38: 3024 | G38: 925 | H38: 350 | I38: 24192 | J38: 23518 | K38: 36 | L38: #EVRevolution | O38: ModelYCampaign | P38: ModelYCampaign | Q38: =(Table1_21718[[#This Row],[Likes]]+Table1_21718[[#This Row],[Shares]]+Table1_21718[[#This Row],[Comments]])/Table1_21718[[#This Row],[Impressions]] -> 0.17770337 | R38: =Table1_21718[[#This Row],[Likes]]+Table1_21718[[#This Row],[Shares]]+Table1_21718[[#This Row],[Comments]] -> 4299
A39: P038 | B39: YouTube | C39: 45705 | D39: Reel | E39: Check out our latest reel on youtube! | F39: 3138 | G39: 123 | H39: 291 | I39: 28242 | J39: 27550 | K39: 87 | L39: #TeslaCoInnovation | O39: SustainabilityDrive | P39: SustainabilityDrive | Q39: =(Table1_21718[[#This Row],[Likes]]+Table1_21718[[#This Row],[Shares]]+Table1_21718[[#This Row],[Comments]])/Table1_21718[[#This Row],[Impressions]] -> 0.12577013 | R39: =Table1_21718[[#This Row],[Likes]]+Table1_21718[[#This Row],[Shares]]+Table1_21718[[#This Row],[Comments]] -> 3552
A40: P039 | B40: Facebook | C40: 45621 | D40: Image | E40: Check out our latest image on facebook! | F40: 3564 | G40: 629 | H40: 177 | I40: 60588 | J40: 59627 | K40: 92 | L40: #TeslaCoInnovation | P40: ModelYCampaign | Q40: =(Table1_21718[[#This Row],[Likes]]+Table1_21718[[#This Row],[Shares]]+Table1_21718[[#This Row],[Comments]])/Table1_21718[[#This Row],[Impressions]] -> 0.072126494 | R40: =Table1_21718[[#This Row],[Likes]]+Table1_21718[[#This Row],[Shares]]+Table1_21718[[#This Row],[Comments]] -> 4370
A41: P040 | B41: Twitter | C41: 45723 | D41: Image | E41: Check out our latest image on twitter! | F41: 4750 | G41: 151 | H41: 415 | I41: 38000 | J41: 37792 | K41: 299 | L41: #EVRevolution | O41: SustainabilityDrive | P41: SustainabilityDrive | Q41: =(Table1_21718[[#This Row],[Likes]]+Table1_21718[[#This Row],[Shares]]+Table1_21718[[#This Row],[Comments]])/Table1_21718[[#This Row],[Impressions]] -> 0.13989474 | R41: =Table1_21718[[#This Row],[Likes]]+Table1_21718[[#This Row],[Shares]]+Table1_21718[[#This Row],[Comments]] -> 5316
A42: P041 | B42: Instagram | C42: 45724 | D42: Reel | E42: Check out our latest reel on instagram! | F42: 456 | G42: 629 | H42: 428 | I42: 8208 | J42: 7377 | K42: 205 | L42: #FutureOfDriving | O42: SustainabilityDrive | P42: SustainabilityDrive | Q42: =(Table1_21718[[#This Row],[Likes]]+Table1_21718[[#This Row],[Shares]]+Table1_21718[[#This Row],[Comments]])/Table1_21718[[#This Row],[Impressions]] -> 0.18433236 | R42: =Table1_21718[[#This Row],[Likes]]+Table1_21718[[#This Row],[Shares]]+Table1_21718[[#This Row],[Comments]] -> 1513
A43: P042 | B43: YouTube | C43: 45721 | D43: Reel | E43: Check out our latest reel on youtube! | F43: 1543 | G43: 820 | H43: 333 | I43: 12344 | J43: 11496 | K43: 241 | L43: #EVRevolution | P43: CybertruckLaunch | Q43: =(Table1_21718[[#This Row],[Likes]]+Table1_21718[[#This Row],[Shares]]+Table1_21718[[#This Row],[Comments]])/Table1_21718[[#This Row],[Impressions]] -> 0.2184057 | R43: =Table1_21718[[#This Row],[Likes]]+Table1_21718[[#This Row],[Shares]]+Table1_21718[[#This Row],[Comments]] -> 2696
A44: P043 | B44: Instagram | C44: 45640 | D44: Carousel | E44: Check out our latest carousel on instagram! | F44: 2174 | G44: 658 | H44: 15 | I44: 13044 | J44: 12206 | K44: 137 | L44: #TeslaCoInnovation | O44: FSDUpdate | P44: FSDUpdate | Q44: =(Table1_21718[[#This Row],[Likes]]+Table1_21718[[#This Row],[Shares]]+Table1_21718[[#This Row],[Comments]])/Table1_21718[[#This Row],[Impressions]] -> 0.21826127 | R44: =Table1_21718[[#This Row],[Likes]]+Table1_21718[[#This Row],[Shares]]+Table1_21718[[#This Row],[Comments]] -> 2847
A45: P044 | B45: Twitter | C45: 45718 | D45: Image | E45: Check out our latest image on twitter! | F45: 2358 | G45: 784 | H45: 344 | I45: 35370 | J45: 34475 | K45: 216 | L45: #TeslaCoInnovation | P45: ModelYCampaign | Q45: =(Table1_21718[[#This Row],[Likes]]+Table1_21718[[#This Row],[Shares]]+Table1_21718[[#This Row],[Comments]])/Table1_21718[[#This Row],[Impressions]] -> 0.0985581 | R45: =Table1_21718[[#This Row],[Likes]]+Table1_21718[[#This Row],[Shares]]+Table1_21718[[#This Row],[Comments]] -> 3486
A46: P045 | B46: Facebook | C46: 45597 | D46: Video | E46: Check out our latest video on facebook! | F46: 3371 | G46: 106 | H46: 327 | I46: 50565 | J46: 49816 | K46: 176 | L46: #FutureOfDriving | O46: CybertruckLaunch | P46: CybertruckLaunch | Q46: =(Table1_21718[[#This Row],[Likes]]+Table1_21718[[#This Row],[Shares]]+Table1_21718[[#This Row],[Comments]])/Table1_21718[[#This Row],[Impressions]] -> 0.075229902 | R46: =Table1_21718[[#This Row],[Likes]]+Table1_21718[[#This Row],[Shares]]+Table1_21718[[#This Row],[Comments]] -> 3804
A47: P046 | B47: Twitter | C47: 45779 | D47: Video | E47: Check out our latest video on twitter! | F47: 1108 | G47: 177 | H47: 212 | I47: 8864 | J47: 8710 | K47: 97 | L47: #TeslaCoInnovation | O47: SustainabilityDrive | P47: SustainabilityDrive | Q47: =(Table1_21718[[#This Row],[Likes]]+Table1_21718[[#This Row],[Shares]]+Table1_21718[[#This Row],[Comments]])/Table1_21718[[#This Row],[Impressions]] -> 0.16888538 | R47: =Table1_21718[[#This Row],[Likes]]+Table1_21718[[#This Row],[Shares]]+Table1_21718[[#This Row],[Comments]] -> 1497
A48: P047 | B48: Twitter | C48: 45712 | D48: Carousel | E48: Check out our latest carousel on twitter! | F48: 2704 | G48: 752 | H48: 153 | I48: 21632 | J48: 20792 | K48: 127 | L48: #FutureOfDriving | P48: SustainabilityDrive | Q48: =(Table1_21718[[#This Row],[Likes]]+Table1_21718[[#This Row],[Shares]]+Table1_21718[[#This Row],[Comments]])/Table1_21718[[#This Row],[Impressions]] -> 0.16683617 | R48: =Table1_21718[[#This Row],[Likes]]+Table1_21718[[#This Row],[Shares]]+Table1_21718[[#This Row],[Comments]] -> 3609
A49: P048 | B49: Twitter | C49: 45727 | D49: Story | E49: Check out our latest story on twitter! | F49: 1950 | G49: 295 | H49: 478 | I49: 37050 | J49: 36272 | K49: 119 | L49: #TeslaCoInnovation | P49: ModelYCampaign | Q49: =(Table1_21718[[#This Row],[Likes]]+Table1_21718[[#This Row],[Shares]]+Table1_21718[[#This Row],[Comments]])/Table1_21718[[#This Row],[Impressions]] -> 0.073495277 | R49: =Table1_21718[[#This Row],[Likes]]+Table1_21718[[#This Row],[Shares]]+Table1_21718[[#This Row],[Comments]] -> 2723
A50: P049 | B50: Twitter | C50: 45453 | D50: Story | E50: Check out our latest story on twitter! | F50: 2164 | G50: 549 | H50: 274 | I50: 28132 | J50: 27361 | K50: 177 | L50: #TeslaCoInnovation | O50: SustainabilityDrive | P50: SustainabilityDrive | Q50: =(Table1_21718[[#This Row],[Likes]]+Table1_21718[[#This Row],[Shares]]+Table1_21718[[#This Row],[Comments]])/Table1_21718[[#This Row],[Impressions]] -> 0.10617802 | R50: =Table1_21718[[#This Row],[Likes]]+Table1_21718[[#This Row],[Shares]]+Table1_21718[[#This Row],[Comments]] -> 2987
A51: P050 | B51: YouTube | C51: 45476 | D51: Story | E51: Check out our latest story on youtube! | F51: 2754 | G51: 130 | H51: 90 | I51: 22032 | J51: 21288 | K51: 112 | L51: #TeslaCoInnovation | O51: FSDUpdate | P51: FSDUpdate | Q51: =(Table1_21718[[#This Row],[Likes]]+Table1_21718[[#This Row],[Shares]]+Table1_21718[[#This Row],[Comments]])/Table1_21718[[#This Row],[Impressions]] -> 0.13498548 | R51: =Table1_21718[[#This Row],[Likes]]+Table1_21718[[#This Row],[Shares]]+Table1_21718[[#This Row],[Comments]] -> 2974
A52: P051 | B52: Facebook | C52: 45456 | D52: Carousel | E52: Check out our latest carousel on facebook! | F52: 2200 | G52: 504 | H52: 239 | I52: 37400 | J52: 36938 | K52: 225 | L52: #FutureOfDriving | O52: ModelYCampaign | P52: ModelYCampaign | Q52: =(Table1_21718[[#This Row],[Likes]]+Table1_21718[[#This Row],[Shares]]+Table1_21718[[#This Row],[Comments]])/Table1_21718[[#This Row],[Impressions]] -> 0.07868984 | R52: =Table1_21718[[#This Row],[Likes]]+Table1_21718[[#This Row],[Shares]]+Table1_21718[[#This Row],[Comments]] -> 2943
A53: P052 | B53: Facebook | C53: 45660 | D53: Image | E53: Check out our latest image on facebook! | F53: 947 | G53: 338 | H53: 350 | I53: 10417 | J53: 9730 | K53: 34 | L53: #TeslaCoInnovation | O53: SustainabilityDrive | P53: SustainabilityDrive | Q53: =(Table1_21718[[#This Row],[Likes]]+Table1_21718[[#This Row],[Shares]]+Table1_21718[[#This Row],[Comments]])/Table1_21718[[#This Row],[Impressions]] -> 0.15695498 | R53: =Table1_21718[[#This Row],[Likes]]+Table1_21718[[#This Row],[Shares]]+Table1_21718[[#This Row],[Comments]] -> 1635
A54: P053 | B54: YouTube | C54: 45712 | D54: Carousel | E54: Check out our latest carousel on youtube! | F54: 804 | G54: 639 | H54: 43 | I54: 4020 | J54: 3144 | K54: 11 | L54: #EVRevolution | M54: #BetterWithTesla | P54: CybertruckLaunch | Q54: =(Table1_21718[[#This Row],[Likes]]+Table1_21718[[#This Row],[Shares]]+Table1_21718[[#This Row],[Comments]])/Table1_21718[[#This Row],[Impressions]] -> 0.36965174 | R54: =Table1_21718[[#This Row],[Likes]]+Table1_21718[[#This Row],[Shares]]+Table1_21718[[#This Row],[Comments]] -> 1486
A55: P054 | B55: YouTube | C55: 45729 | D55: Carousel | E55: Check out our latest carousel on youtube! | F55: 1686 | G55: 904 | H55: 472 | I55: 18546 | J55: 18171 | K55: 52 | L55: #FutureOfDriving | O55: ModelYCampaign | P55: ModelYCampaign | Q55: =(Table1_21718[[#This Row],[Likes]]+Table1_21718[[#This Row],[Shares]]+Table1_21718[[#This Row],[Comments]])/Table1_21718[[#This Row],[Impressions]] -> 0.16510299 | R55: =Table1_21718[[#This Row],[Likes]]+Table1_21718[[#This Row],[Shares]]+Table1_21718[[#This Row],[Comments]] -> 3062
A56: P055 | B56: Facebook | C56: 45460 | D56: Image | E56: Check out our latest image on facebook! | F56: 1226 | G56: 119 | H56: 7 | I56: 14712 | J56: 14049 | K56: 123 | L56: #EVRevolution | O56: SustainabilityDrive | P56: SustainabilityDrive | Q56: =(Table1_21718[[#This Row],[Likes]]+Table1_21718[[#This Row],[Shares]]+Table1_21718[[#This Row],[Comments]])/Table1_21718[[#This Row],[Impressions]] -> 0.091897771 | R56: =Table1_21718[[#This Row],[Likes]]+Table1_21718[[#This Row],[Shares]]+Table1_21718[[#This Row],[Comments]] -> 1352
A57: P056 | B57: Facebook | C57: 45644 | D57: Carousel | E57: Check out our latest carousel on facebook! | F57: 2946 | G57: 498 | H57: 367 | I57: 29460 | J57: 28527 | K57: 60 | L57: #FutureOfDriving | O57: FSDUpdate | P57: FSDUpdate | Q57: =(Table1_21718[[#This Row],[Likes]]+Table1_21718[[#This Row],[Shares]]+Table1_21718[[#This Row],[Comments]])/Table1_21718[[#This Row],[Impressions]] -> 0.12936185 | R57: =Table1_21718[[#This Row],[Likes]]+Table1_21718[[#This Row],[Shares]]+Table1_21718[[#This Row],[Comments]] -> 3811
A58: P057 | B58: Twitter | C58: 45586 | D58: Video | E58: Check out our latest video on twitter! | F58: 2825 | G58: 535 | H58: 295 | I58: 45200 | J58: 44739 | K58: 169 | L58: #TeslaCoInnovation | O58: CybertruckLaunch | P58: CybertruckLaunch | Q58: =(Table1_21718[[#This Row],[Likes]]+Table1_21718[[#This Row],[Shares]]+Table1_21718[[#This Row],[Comments]])/Table1_21718[[#This Row],[Impressions]] -> 0.080862832 | R58: =Table1_21718[[#This Row],[Likes]]+Table1_21718[[#This Row],[Shares]]+Table1_21718[[#This Row],[Comments]] -> 3655
A59: P058 | B59: Instagram | C59: 45762 | D59: Reel | E59: Check out our latest reel on instagram! | F59: 103 | G59: 770 | H59: 19 | I59: 1030 | J59: 410 | K59: 262 | L59: #TeslaCoInnovation | O59: SustainabilityDrive | P59: SustainabilityDrive | Q59: =(Table1_21718[[#This Row],[Likes]]+Table1_21718[[#This Row],[Shares]]+Table1_21718[[#This Row],[Comments]])/Table1_21718[[#This Row],[Impressions]] -> 0.86601942 | R59: =Table1_21718[[#This Row],[Likes]]+Table1_21718[[#This Row],[Shares]]+Table1_21718[[#This Row],[Comments]] -> 892
A60: P059 | B60: Instagram | C60: 45465 | D60: Text | E60: Check out our latest text on instagram! | F60: 2180 | G60: 263 | H60: 387 | I60: 30520 | J60: 30059 | K60: 174 | L60: #EVRevolution | P60: CybertruckLaunch | Q60: =(Table1_21718[[#This Row],[Likes]]+Table1_21718[[#This Row],[Shares]]+Table1_21718[[#This Row],[Comments]])/Table1_21718[[#This Row],[Impressions]] -> 0.092726081 | R60: =Table1_21718[[#This Row],[Likes]]+Table1_21718[[#This Row],[Shares]]+Table1_21718[[#This Row],[Comments]] -> 2830
A61: P060 | B61: Instagram | C61: 45685 | D61: Video | E61: Check out our latest video on instagram! | F61: 904 | G61: 973 | H61: 63 | I61: 11752 | J61: 11580 | K61: 84 | L61: #EVRevolution | M61: #TeslaCoInnovation | N61: #AnytimeIsTeslaTime | O61: FSDUpdate | P61: FSDUpdate | Q61: =(Table1_21718[[#This Row],[Likes]]+Table1_21718[[#This Row],[Shares]]+Table1_21718[[#This Row],[Comments]])/Table1_21718[[#This Row],[Impressions]] -> 0.16507828 | R61: =Table1_21718[[#This Row],[Likes]]+Table1_21718[[#This Row],[Shares]]+Table1_21718[[#This Row],[Comments]] -> 1940
A62: P061 | B62: Twitter | C62: 45540 | D62: Video | E62: Check out our latest video on twitter! | F62: 4886 | G62: 983 | H62: 409 | I62: 43974 | J62: 43239 | K62: 65 | L62: #TeslaCoInnovation | O62: CybertruckLaunch | P62: CybertruckLaunch | Q62: =(Table1_21718[[#This Row],[Likes]]+Table1_21718[[#This Row],[Shares]]+Table1_21718[[#This Row],[Comments]])/Table1_21718[[#This Row],[Impressions]] -> 0.14276618 | R62: =Table1_21718[[#This Row],[Likes]]+Table1_21718[[#This Row],[Shares]]+Table1_21718[[#This Row],[Comments]] -> 6278
A63: P062 | B63: Twitter | C63: 45618 | D63: Carousel | E63: Check out our latest carousel on twitter! | F63: 53 | G63: 81 | H63: 379 | I63: 954 | J63: 7 | K63: 148 | L63: #TeslaCoInnovation | O63: FSDUpdate | P63: FSDUpdate | Q63: =(Table1_21718[[#This Row],[Likes]]+Table1_21718[[#This Row],[Shares]]+Table1_21718[[#This Row],[Comments]])/Table1_21718[[#This Row],[Impressions]] -> 0.53773585 | R63: =Table1_21718[[#This Row],[Likes]]+Table1_21718[[#This Row],[Shares]]+Table1_21718[[#This Row],[Comments]] -> 513
A64: P063 | B64: Twitter | C64: 45504 | D64: Carousel | E64: Check out our latest carousel on twitter! | F64: 4507 | G64: 217 | H64: 13 | I64: 90140 | J64: 89591 | K64: 125 | L64: #FutureOfDriving | O64: FSDUpdate | P64: FSDUpdate | Q64: =(Table1_21718[[#This Row],[Likes]]+Table1_21718[[#This Row],[Shares]]+Table1_21718[[#This Row],[Comments]])/Table1_21718[[#This Row],[Impressions]] -> 0.052551586 | R64: =Table1_21718[[#This Row],[Likes]]+Table1_21718[[#This Row],[Shares]]+Table1_21718[[#This Row],[Comments]] -> 4737
A65: P064 | B65: Facebook | C65: 45521 | D65: Image | E65: Check out our latest image on facebook! | F65: 2878 | G65: 248 | H65: 416 | I65: 43170 | J65: 42667 | K65: 75 | L65: #FutureOfDriving | O65: FSDUpdate | P65: FSDUpdate | Q65: =(Table1_21718[[#This Row],[Likes]]+Table1_21718[[#This Row],[Shares]]+Table1_21718[[#This Row],[Comments]])/Table1_21718[[#This Row],[Impressions]] -> 0.082047718 | R65: =Table1_21718[[#This Row],[Likes]]+Table1_21718[[#This Row],[Shares]]+Table1_21718[[#This Row],[Comments]] -> 3542
A66: P065 | B66: Instagram | C66: 45744 | D66: Story | E66: Check out our latest story on instagram! | F66: 1881 | G66: 501 | H66: 99 | I66: 20691 | J66: 19987 | K66: 289 | L66: #EVRevolution | P66: CybertruckLaunch | Q66: =(Table1_21718[[#This Row],[Likes]]+Table1_21718[[#This Row],[Shares]]+Table1_21718[[#This Row],[Comments]])/Table1_21718[[#This Row],[Impressions]] -> 0.11990721 | R66: =Table1_21718[[#This Row],[Likes]]+Table1_21718[[#This Row],[Shares]]+Table1_21718[[#This Row],[Comments]] -> 2481
A67: P066 | B67: Twitter | C67: 45499 | D67: Carousel | E67: Check out our latest carousel on twitter! | F67: 432 | G67: 171 | H67: 280 | I67: 3024 | J67: 2285 | K67: 184 | L67: #EVRevolution | O67: CybertruckLaunch | P67: CybertruckLaunch | Q67: =(Table1_21718[[#This Row],[Likes]]+Table1_21718[[#This Row],[Shares]]+Table1_21718[[#This Row],[Comments]])/Table1_21718[[#This Row],[Impressions]] -> 0.29199735 | R67: =Table1_21718[[#This Row],[Likes]]+Table1_21718[[#This Row],[Shares]]+Table1_21718[[#This Row],[Comments]] -> 883
A68: P067 | B68: Facebook | C68: 45745 | D68: Carousel | E68: Check out our latest carousel on facebook! | F68: 4712 | G68: 568 | H68: 127 | I68: 84816 | J68: 84691 | K68: 100 | L68: #EVRevolution | O68: FSDUpdate | P68: FSDUpdate | Q68: =(Table1_21718[[#This Row],[Likes]]+Table1_21718[[#This Row],[Shares]]+Table1_21718[[#This Row],[Comments]])/Table1_21718[[#This Row],[Impressions]] -> 0.063749764 | R68: =Table1_21718[[#This Row],[Likes]]+Table1_21718[[#This Row],[Shares]]+Table1_21718[[#This Row],[Comments]] -> 5407
A69: P068 | B69: Instagram | C69: 45634 | D69: Story | E69: Check out our latest story on instagram! | F69: 2610 | G69: 126 | H69: 288 | I69: 15660 | J69: 15145 | K69: 73 | L69: #EVRevolution | P69: CybertruckLaunch | Q69: =(Table1_21718[[#This Row],[Likes]]+Table1_21718[[#This Row],[Shares]]+Table1_21718[[#This Row],[Comments]])/Table1_21718[[#This Row],[Impressions]] -> 0.19310345 | R69: =Table1_21718[[#This Row],[Likes]]+Table1_21718[[#This Row],[Shares]]+Table1_21718[[#This Row],[Comments]] -> 3024
A70: P069 | B70: Twitter | C70: 45724 | D70: Text | E70: Check out our latest text on twitter! | F70: 1292 | G70: 626 | H70: 496 | I70: 25840 | J70: 24916 | K70: 149 | L70: #FutureOfDriving | O70: FSDUpdate | P70: FSDUpdate | Q70: =(Table1_21718[[#This Row],[Likes]]+Table1_21718[[#This Row],[Shares]]+Table1_21718[[#This Row],[Comments]])/Table1_21718[[#This Row],[Impressions]] -> 0.093421053 | R70: =Table1_21718[[#This Row],[Likes]]+Table1_21718[[#This Row],[Shares]]+Table1_21718[[#This Row],[Comments]] -> 2414
A71: P070 | B71: Facebook | C71: 45749 | D71: Video | E71: Check out our latest video on facebook! | F71: 199 | G71: 772 | H71: 400 | I71: 3582 | J71: 2988 | K71: 43 | L71: #TeslaCoInnovation | P71: ModelYCampaign | Q71: =(Table1_21718[[#This Row],[Likes]]+Table1_21718[[#This Row],[Shares]]+Table1_21718[[#This Row],[Comments]])/Table1_21718[[#This Row],[Impressions]] -> 0.38274707 | R71: =Table1_21718[[#This Row],[Likes]]+Table1_21718[[#This Row],[Shares]]+Table1_21718[[#This Row],[Comments]] -> 1371
A72: P071 | B72: YouTube | C72: 45537 | D72: Carousel | E72: Check out our latest carousel on youtube! | F72: 2551 | G72: 915 | H72: 205 | I72: 30612 | J72: 30360 | K72: 227 | L72: #TeslaCoInnovation | O72: ModelYCampaign | P72: ModelYCampaign | Q72: =(Table1_21718[[#This Row],[Likes]]+Table1_21718[[#This Row],[Shares]]+Table1_21718[[#This Row],[Comments]])/Table1_21718[[#This Row],[Impressions]] -> 0.11992029 | R72: =Table1_21718[[#This Row],[Likes]]+Table1_21718[[#This Row],[Shares]]+Table1_21718[[#This Row],[Comments]] -> 3671
A73: P072 | B73: YouTube | C73: 45719 | D73: Reel | E73: Check out our latest reel on youtube! | F73: 296 | G73: 60 | H73: 141 | I73: 5624 | J73: 5239 | K73: 88 | L73: #EVRevolution | O73: ModelYCampaign | P73: ModelYCampaign | Q73: =(Table1_21718[[#This Row],[Likes]]+Table1_21718[[#This Row],[Shares]]+Table1_21718[[#This Row],[Comments]])/Table1_21718[[#This Row],[Impressions]] -> 0.088371266 | R73: =Table1_21718[[#This Row],[Likes]]+Table1_21718[[#This Row],[Shares]]+Table1_21718[[#This Row],[Comments]] -> 497
A74: P073 | B74: Facebook | C74: 45583 | D74: Story | E74: Check out our latest story on facebook! | F74: 4126 | G74: 426 | H74: 486 | I74: 78394 | J74: 77798 | K74: 88 | L74: #FutureOfDriving | O74: SustainabilityDrive | P74: SustainabilityDrive | Q74: =(Table1_21718[[#This Row],[Likes]]+Table1_21718[[#This Row],[Shares]]+Table1_21718[[#This Row],[Comments]])/Table1_21718[[#This Row],[Impressions]] -> 0.064265122 | R74: =Table1_21718[[#This Row],[Likes]]+Table1_21718[[#This Row],[Shares]]+Table1_21718[[#This Row],[Comments]] -> 5038
A75: P074 | B75: YouTube | C75: 45593 | D75: Reel | E75: Check out our latest reel on youtube! | F75: 1855 | G75: 200 | H75: 174 | I75: 16695 | J75: 16330 | K75: 123 | L75: #TeslaCoInnovation | O75: FSDUpdate | P75: FSDUpdate | Q75: =(Table1_21718[[#This Row],[Likes]]+Table1_21718[[#This Row],[Shares]]+Table1_21718[[#This Row],[Comments]])/Table1_21718[[#This Row],[Impressions]] -> 0.13351303 | R75: =Table1_21718[[#This Row],[Likes]]+Table1_21718[[#This Row],[Shares]]+Table1_21718[[#This Row],[Comments]] -> 2229
A76: P075 | B76: Instagram | C76: 45505 | D76: Reel | E76: Check out our latest reel on instagram! | F76: 1674 | G76: 929 | H76: 37 | I76: 21762 | J76: 20998 | K76: 255 | L76: #TeslaCoInnovation | O76: SustainabilityDrive | P76: SustainabilityDrive | Q76: =(Table1_21718[[#This Row],[Likes]]+Table1_21718[[#This Row],[Shares]]+Table1_21718[[#This Row],[Comments]])/Table1_21718[[#This Row],[Impressions]] -> 0.12131238 | R76: =Table1_21718[[#This Row],[Likes]]+Table1_21718[[#This Row],[Shares]]+Table1_21718[[#This Row],[Comments]] -> 2640
A77: P076 | B77: Twitter | C77: 45603 | D77: Story | E77: Check out our latest story on twitter! | F77: 1121 | G77: 135 | H77: 18 | I77: 15694 | J77: 14957 | K77: 99 | L77: #TeslaCoInnovation | O77: SustainabilityDrive | P77: SustainabilityDrive | Q77: =(Table1_21718[[#This Row],[Likes]]+Table1_21718[[#This Row],[Shares]]+Table1_21718[[#This Row],[Comments]])/Table1_21718[[#This Row],[Impressions]] -> 0.08117752 | R77: =Table1_21718[[#This Row],[Likes]]+Table1_21718[[#This Row],[Shares]]+Table1_21718[[#This Row],[Comments]] -> 1274
A78: P077 | B78: Facebook | C78: 45720 | D78: Story | E78: Check out our latest story on facebook! | F78: 1249 | G78: 116 | H78: 420 | I78: 8743 | J78: 8538 | K78: 63 | L78: #TeslaCoInnovation | P78: ModelYCampaign | Q78: =(Table1_21718[[#This Row],[Likes]]+Table1_21718[[#This Row],[Shares]]+Table1_21718[[#This Row],[Comments]])/Table1_21718[[#This Row],[Impressions]] -> 0.20416333 | R78: =Table1_21718[[#This Row],[Likes]]+Table1_21718[[#This Row],[Shares]]+Table1_21718[[#This Row],[Comments]] -> 1785
A79: P078 | B79: Twitter | C79: 45460 | D79: Image | E79: Check out our latest image on twitter! | F79: 954 | G79: 324 | H79: 288 | I79: 19080 | J79: 18859 | K79: 21 | L79: #FutureOfDriving | O79: SustainabilityDrive | P79: SustainabilityDrive | Q79: =(Table1_21718[[#This Row],[Likes]]+Table1_21718[[#This Row],[Shares]]+Table1_21718[[#This Row],[Comments]])/Table1_21718[[#This Row],[Impressions]] -> 0.082075472 | R79: =Table1_21718[[#This Row],[Likes]]+Table1_21718[[#This Row],[Shares]]+Table1_21718[[#This Row],[Comments]] -> 1566
A80: P079 | B80: Instagram | C80: 45574 | D80: Carousel | E80: Check out our latest carousel on instagram! | F80: 3068 | G80: 137 | H80: 329 | I80: 39884 | J80: 39404 | K80: 266 | L80: #EVRevolution | O80: ModelYCampaign | P80: ModelYCampaign | Q80: =(Table1_21718[[#This Row],[Likes]]+Table1_21718[[#This Row],[Shares]]+Table1_21718[[#This Row],[Comments]])/Table1_21718[[#This Row],[Impressions]] -> 0.08860696 | R80: =Table1_21718[[#This Row],[Likes]]+Table1_21718[[#This Row],[Shares]]+Table1_21718[[#This Row],[Comments]] -> 3534
A81: P080 | B81: Instagram | C81: 45456 | D81: Story | E81: Check out our latest story on instagram! | F81: 2103 | G81: 892 | H81: 103 | I81: 39957 | J81: 39466 | K81: 28 | L81: #FutureOfDriving | P81: SustainabilityDrive | Q81: =(Table1_21718[[#This Row],[Likes]]+Table1_21718[[#This Row],[Shares]]+Table1_21718[[#This Row],[Comments]])/Table1_21718[[#This Row],[Impressions]] -> 0.077533348 | R81: =Table1_21718[[#This Row],[Likes]]+Table1_21718[[#This Row],[Shares]]+Table1_21718[[#This Row],[Comments]] -> 3098
A82: P081 | B82: Instagram | C82: 45584 | D82: Story | E82: Check out our latest story on instagram! | F82: 1816 | G82: 29 | H82: 41 | I82: 19976 | J82: 19262 | K82: 283 | L82: #TeslaCoInnovation | O82: FSDUpdate | P82: FSDUpdate | Q82: =(Table1_21718[[#This Row],[Likes]]+Table1_21718[[#This Row],[Shares]]+Table1_21718[[#This Row],[Comments]])/Table1_21718[[#This Row],[Impressions]] -> 0.094413296 | R82: =Table1_21718[[#This Row],[Likes]]+Table1_21718[[#This Row],[Shares]]+Table1_21718[[#This Row],[Comments]] -> 1886
A83: P082 | B83: Instagram | C83: 45497 | D83: Image | E83: Check out our latest image on instagram! | F83: 725 | G83: 88 | H83: 428 | I83: 14500 | J83: 13637 | K83: 200 | L83: #FutureOfDriving | M83: #TeslaCoInnovation | N83: #AnytimeIsTeslaTime | O83: FSDUpdate | P83: FSDUpdate | Q83: =(Table1_21718[[#This Row],[Likes]]+Table1_21718[[#This Row],[Shares]]+Table1_21718[[#This Row],[Comments]])/Table1_21718[[#This Row],[Impressions]] -> 0.085586207 | R83: =Table1_21718[[#This Row],[Likes]]+Table1_21718[[#This Row],[Shares]]+Table1_21718[[#This Row],[Comments]] -> 1241
A84: P083 | B84: YouTube | C84: 45580 | D84: Video | E84: Check out our latest video on youtube! | F84: 1094 | G84: 472 | H84: 21 | I84: 9846 | J84: 9609 | K84: 112 | L84: #EVRevolution | P84: CybertruckLaunch | Q84: =(Table1_21718[[#This Row],[Likes]]+Table1_21718[[#This Row],[Shares]]+Table1_21718[[#This Row],[Comments]])/Table1_21718[[#This Row],[Impressions]] -> 0.16118221 | R84: =Table1_21718[[#This Row],[Likes]]+Table1_21718[[#This Row],[Shares]]+Table1_21718[[#This Row],[Comments]] -> 1587
A85: P084 | B85: Facebook | C85: 45635 | D85: Image | E85: Check out our latest image on facebook! | F85: 1841 | G85: 851 | H85: 342 | I85: 34979 | J85: 34154 | K85: 255 | L85: #FutureOfDriving | O85: SustainabilityDrive | P85: SustainabilityDrive | Q85: =(Table1_21718[[#This Row],[Likes]]+Table1_21718[[#This Row],[Shares]]+Table1_21718[[#This Row],[Comments]])/Table1_21718[[#This Row],[Impressions]] -> 0.086737757 | R85: =Table1_21718[[#This Row],[Likes]]+Table1_21718[[#This Row],[Shares]]+Table1_21718[[#This Row],[Comments]] -> 3034
A86: P085 | B86: Instagram | C86: 45766 | D86: Image | E86: Check out our latest image on instagram! | F86: 4177 | G86: 569 | H86: 55 | I86: 25062 | J86: 24847 | K86: 230 | L86: #FutureOfDriving | O86: CybertruckLaunch | P86: CybertruckLaunch | Q86: =(Table1_21718[[#This Row],[Likes]]+Table1_21718[[#This Row],[Shares]]+Table1_21718[[#This Row],[Comments]])/Table1_21718[[#This Row],[Impressions]] -> 0.19156492 | R86: =Table1_21718[[#This Row],[Likes]]+Table1_21718[[#This Row],[Shares]]+Table1_21718[[#This Row],[Comments]] -> 4801
A87: P086 | B87: YouTube | C87: 45684 | D87: Text | E87: Check out our latest text on youtube! | F87: 3428 | G87: 305 | H87: 85 | I87: 58276 | J87: 58052 | K87: 242 | L87: #EVRevolution | M87: #BetterWithTesla | O87: SustainabilityDrive | P87: SustainabilityDrive | Q87: =(Table1_21718[[#This Row],[Likes]]+Table1_21718[[#This Row],[Shares]]+Table1_21718[[#This Row],[Comments]])/Table1_21718[[#This Row],[Impressions]] -> 0.065515821 | R87: =Table1_21718[[#This Row],[Likes]]+Table1_21718[[#This Row],[Shares]]+Table1_21718[[#This Row],[Comments]] -> 3818
A88: P087 | B88: Twitter | C88: 45449 | D88: Video | E88: Check out our latest video on twitter! | F88: 1436 | G88: 765 | H88: 496 | I88: 12924 | J88: 12701 | K88: 197 | L88: #FutureOfDriving | O88: FSDUpdate | P88: FSDUpdate | Q88: =(Table1_21718[[#This Row],[Likes]]+Table1_21718[[#This Row],[Shares]]+Table1_21718[[#This Row],[Comments]])/Table1_21718[[#This Row],[Impressions]] -> 0.20868152 | R88: =Table1_21718[[#This Row],[Likes]]+Table1_21718[[#This Row],[Shares]]+Table1_21718[[#This Row],[Comments]] -> 2697
A89: P088 | B89: Facebook | C89: 45480 | D89: Story | E89: Check out our latest story on facebook! | F89: 302 | G89: 47 | H89: 430 | I89: 5738 | J89: 4890 | K89: 25 | L89: #TeslaCoInnovation | O89: SustainabilityDrive | P89: SustainabilityDrive | Q89: =(Table1_21718[[#This Row],[Likes]]+Table1_21718[[#This Row],[Shares]]+Table1_21718[[#This Row],[Comments]])/Table1_21718[[#This Row],[Impressions]] -> 0.13576159 | R89: =Table1_21718[[#This Row],[Likes]]+Table1_21718[[#This Row],[Shares]]+Table1_21718[[#This Row],[Comments]] -> 779
A90: P089 | B90: Twitter | C90: 45667 | D90: Image | E90: Check out our latest image on twitter! | F90: 2214 | G90: 249 | H90: 152 | I90: 15498 | J90: 14800 | K90: 180 | L90: #EVRevolution | P90: CybertruckLaunch | Q90: =(Table1_21718[[#This Row],[Likes]]+Table1_21718[[#This Row],[Shares]]+Table1_21718[[#This Row],[Comments]])/Table1_21718[[#This Row],[Impressions]] -> 0.16873145 | R90: =Table1_21718[[#This Row],[Likes]]+Table1_21718[[#This Row],[Shares]]+Table1_21718[[#This Row],[Comments]] -> 2615
A91: P090 | B91: Instagram | C91: 45446 | D91: Image | E91: Check out our latest image on instagram! | F91: 3861 | G91: 960 | H91: 101 | I91: 69498 | J91: 68817 | K91: 297 | L91: #TeslaCoInnovation | O91: SustainabilityDrive | P91: SustainabilityDrive | Q91: =(Table1_21718[[#This Row],[Likes]]+Table1_21718[[#This Row],[Shares]]+Table1_21718[[#This Row],[Comments]])/Table1_21718[[#This Row],[Impressions]] -> 0.070822182 | R91: =Table1_21718[[#This Row],[Likes]]+Table1_21718[[#This Row],[Shares]]+Table1_21718[[#This Row],[Comments]] -> 4922
A92: P091 | B92: Facebook | C92: 45740 | D92: Image | E92: Check out our latest image on facebook! | F92: 1263 | G92: 397 | H92: 357 | I92: 25260 | J92: 24615 | K92: 137 | L92: #EVRevolution | O92: SustainabilityDrive | P92: SustainabilityDrive | Q92: =(Table1_21718[[#This Row],[Likes]]+Table1_21718[[#This Row],[Shares]]+Table1_21718[[#This Row],[Comments]])/Table1_21718[[#This Row],[Impressions]] -> 0.079849565 | R92: =Table1_21718[[#This Row],[Likes]]+Table1_21718[[#This Row],[Shares]]+Table1_21718[[#This Row],[Comments]] -> 2017
A93: P092 | B93: Twitter | C93: 45586 | D93: Story | E93: Check out our latest story on twitter! | F93: 3801 | G93: 967 | H93: 401 | I93: 38010 | J93: 37625 | K93: 236 | L93: #FutureOfDriving | O93: FSDUpdate | P93: FSDUpdate | Q93: =(Table1_21718[[#This Row],[Likes]]+Table1_21718[[#This Row],[Shares]]+Table1_21718[[#This Row],[Comments]])/Table1_21718[[#This Row],[Impressions]] -> 0.13599053 | R93: =Table1_21718[[#This Row],[Likes]]+Table1_21718[[#This Row],[Shares]]+Table1_21718[[#This Row],[Comments]] -> 5169
A94: P093 | B94: Instagram | C94: 45637 | D94: Video | E94: Check out our latest video on instagram! | F94: 1431 | G94: 951 | H94: 26 | I94: 8586 | J94: 8396 | K94: 150 | L94: #EVRevolution | O94: FSDUpdate | P94: FSDUpdate | Q94: =(Table1_21718[[#This Row],[Likes]]+Table1_21718[[#This Row],[Shares]]+Table1_21718[[#This Row],[Comments]])/Table1_21718[[#This Row],[Impressions]] -> 0.28045656 | R94: =Table1_21718[[#This Row],[Likes]]+Table1_21718[[#This Row],[Shares]]+Table1_21718[[#This Row],[Comments]] -> 2408
A95: P094 | B95: Instagram | C95: 45603 | D95: Image | E95: Check out our latest image on instagram! | F95: 2647 | G95: 304 | H95: 170 | I95: 18529 | J95: 17841 | K95: 46 | L95: #FutureOfDriving | O95: FSDUpdate | P95: FSDUpdate | Q95: =(Table1_21718[[#This Row],[Likes]]+Table1_21718[[#This Row],[Shares]]+Table1_21718[[#This Row],[Comments]])/Table1_21718[[#This Row],[Impressions]] -> 0.16843866 | R95: =Table1_21718[[#This Row],[Likes]]+Table1_21718[[#This Row],[Shares]]+Table1_21718[[#This Row],[Comments]] -> 3121
A96: P095 | B96: Instagram | C96: 45604 | D96: Text | E96: Check out our latest text on instagram! | F96: 3182 | G96: 559 | H96: 160 | I96: 57276 | J96: 56890 | K96: 163 | L96: #FutureOfDriving | O96: SustainabilityDrive | P96: SustainabilityDrive | Q96: =(Table1_21718[[#This Row],[Likes]]+Table1_21718[[#This Row],[Shares]]+Table1_21718[[#This Row],[Comments]])/Table1_21718[[#This Row],[Impressions]] -> 0.068108806 | R96: =Table1_21718[[#This Row],[Likes]]+Table1_21718[[#This Row],[Shares]]+Table1_21718[[#This Row],[Comments]] -> 3901
A97: P096 | B97: Twitter | C97: 45545 | D97: Image | E97: Check out our latest image on twitter! | F97: 1238 | G97: 366 | H97: 444 | I97: 19808 | J97: 19334 | K97: 123 | L97: #FutureOfDriving | P97: SustainabilityDrive | Q97: =(Table1_21718[[#This Row],[Likes]]+Table1_21718[[#This Row],[Shares]]+Table1_21718[[#This Row],[Comments]])/Table1_21718[[#This Row],[Impressions]] -> 0.10339257 | R97: =Table1_21718[[#This Row],[Likes]]+Table1_21718[[#This Row],[Shares]]+Table1_21718[[#This Row],[Comments]] -> 2048
A98: P097 | B98: Instagram | C98: 45517 | D98: Image | E98: Check out our latest image on instagram! | F98: 4739 | G98: 527 | H98: 135 | I98: 61607 | J98: 61333 | K98: 36 | L98: #TeslaCoInnovation | M98: #AnytimeIsTeslaTime | O98: ModelYCampaign | P98: ModelYCampaign | Q98: =(Table1_21718[[#This Row],[Likes]]+Table1_21718[[#This Row],[Shares]]+Table1_21718[[#This Row],[Comments]])/Table1_21718[[#This Row],[Impressions]] -> 0.087668609 | R98: =Table1_21718[[#This Row],[Likes]]+Table1_21718[[#This Row],[Shares]]+Table1_21718[[#This Row],[Comments]] -> 5401
A99: P098 | B99: Twitter | C99: 45453 | D99: Story | E99: Check out our latest story on twitter! | F99: 1575 | G99: 771 | H99: 486 | I99: 25200 | J99: 24826 | K99: 17 | L99: #FutureOfDriving | O99: SustainabilityDrive | P99: SustainabilityDrive | Q99: =(Table1_21718[[#This Row],[Likes]]+Table1_21718[[#This Row],[Shares]]+Table1_21718[[#This Row],[Comments]])/Table1_21718[[#This Row],[Impressions]] -> 0.11238095 | R99: =Table1_21718[[#This Row],[Likes]]+Table1_21718[[#This Row],[Shares]]+Table1_21718[[#This Row],[Comments]] -> 2832
A100: P099 | B100: YouTube | C100: 45475 | D100: Carousel | E100: Check out our latest carousel on youtube! | F100: 4171 | G100: 548 | H100: 86 | I100: 66736 | J100: 66634 | K100: 173 | L100: #FutureOfDriving | O100: FSDUpdate | P100: FSDUpdate | Q100: =(Table1_21718[[#This Row],[Likes]]+Table1_21718[[#This Row],[Shares]]+Table1_21718[[#This Row],[Comments]])/Table1_21718[[#This Row],[Impressions]] -> 0.07200012 | R100: =Table1_21718[[#This Row],[Likes]]+Table1_21718[[#This Row],[Shares]]+Table1_21718[[#This Row],[Comments]] -> 4805
...

Sheet Task 5
A1: Post ID | B1: Platform | C1: Date | D1: Content Type | E1: Post Text | F1: Likes | G1: Shares | H1: Comments | I1: Impressions | J1: Reach | K1: Clicks | L1: Hashtags Used.1 | M1: Hashtags Used.2 | N1: Hashtags Used.3 | O1: Campaign_Name | P1: Campaign_Name_Filled | Q1: Engagement Rate | R1: Total Engagement
A2: P001 | B2: Twitter | C2: 45649 | D2: Reel | E2: Check out our latest reel on twitter! | F2: 1461 | G2: 184 | H2: 344 | I2: 21915 | J2: 21675 | K2: 15 | L2: #FutureOfDriving | M2: #AnytimeIsTeslaTime | O2: CybertruckLaunch | P2: CybertruckLaunch | Q2: =(Table1_217[[#This Row],[Likes]]+Table1_217[[#This Row],[Shares]]+Table1_217[[#This Row],[Comments]])/Table1_217[[#This Row],[Impressions]] -> 0.090759754 | R2: =Table1_217[[#This Row],[Likes]]+Table1_217[[#This Row],[Shares]]+Table1_217[[#This Row],[Comments]] -> 1989
A3: P002 | B3: Twitter | C3: 45750 | D3: Text | E3: Check out our latest text on twitter! | F3: 4054 | G3: 389 | H3: 493 | I3: 64864 | J3: 64383 | K3: 117 | L3: #TeslaCoInnovation | M3: #BetterWithTesla | O3: ModelYCampaign | P3: ModelYCampaign | Q3: =(Table1_217[[#This Row],[Likes]]+Table1_217[[#This Row],[Shares]]+Table1_217[[#This Row],[Comments]])/Table1_217[[#This Row],[Impressions]] -> 0.076097681 | R3: =Table1_217[[#This Row],[Likes]]+Table1_217[[#This Row],[Shares]]+Table1_217[[#This Row],[Comments]] -> 4936 | T3: Campaign_Name | U3: Sum of Impressions | V3: Sum of Likes | W3: Sum of Clicks | X3: Average of Impressions | Y3: Average of Likes2 | Z3: Average of Clicks2 | AA3: Sum of Engagement Rate | AB3: Average of Engagement Rate | AD3: Campaign Name | AE3: Ad_Spend | AF3: ROI | AG3: Sum of Total Engagement
A4: P003 | B4: YouTube | C4: 45789 | D4: Reel | E4: Check out our latest reel on youtube! | F4: 2795 | G4: 105 | H4: 49 | I4: 53105 | J4: 52307 | K4: 204 | L4: #TeslaCoInnovation | O4: FSDUpdate | P4: FSDUpdate | Q4: =(Table1_217[[#This Row],[Likes]]+Table1_217[[#This Row],[Shares]]+Table1_217[[#This Row],[Comments]])/Table1_217[[#This Row],[Impressions]] -> 0.055531494 | R4: =Table1_217[[#This Row],[Likes]]+Table1_217[[#This Row],[Shares]]+Table1_217[[#This Row],[Comments]] -> 2949 | T4: CybertruckLaunch | U4: 2426285 | V4: 189114 | W4: 9604 | X4: 35680.662 | Y4: 2781.0882 | Z4: 141.23529 | AA4: 10.804927 | AB4: 0.15889598 | AD4: CybertruckLaunch | AE4: =VLOOKUP(T4, 'Campaign Metadata'!A1:G5, 5,FALSE) -> 150000 | AF4: =GETPIVOTDATA("Sum of Total Engagement",$T$10,"Campaign_Name_Filled","CybertruckLaunch")/AE4 -> 1.6349 | AG4: =GETPIVOTDATA("Sum of Total Engagement",$T$10,"Campaign_Name_Filled","CybertruckLaunch") -> 245235
A5: P004 | B5: Instagram | C5: 45516 | D5: Story | E5: Check out our latest story on instagram! | F5: 2404 | G5: 363 | H5: 138 | I5: 19232 | J5: 18636 | K5: 128 | L5: #EVRevolution | O5: SustainabilityDrive | P5: SustainabilityDrive | Q5: =(Table1_217[[#This Row],[Likes]]+Table1_217[[#This Row],[Shares]]+Table1_217[[#This Row],[Comments]])/Table1_217[[#This Row],[Impressions]] -> 0.15105033 | R5: =Table1_217[[#This Row],[Likes]]+Table1_217[[#This Row],[Shares]]+Table1_217[[#This Row],[Comments]] -> 2905 | T5: FSDUpdate | U5: 2266053 | V5: 183346 | W5: 10032 | X5: 33821.687 | Y5: 2736.5075 | Z5: 149.73134 | AA5: 9.6479456 | AB5: 0.14399919 | AD5: FSDUpdate | AE5: =VLOOKUP(T5, 'Campaign Metadata'!A2:G6, 5,FALSE) -> 250000 | AF5: =GETPIVOTDATA("Sum of Total Engagement",$T$10,"Campaign_Name_Filled","CybertruckLaunch")/AE5 -> 0.98094 | AG5: =GETPIVOTDATA("Sum of Total Engagement",$T$10,"Campaign_Name_Filled","FSDUpdate") -> 242853
A6: P005 | B6: YouTube | C6: 45469 | D6: Reel | E6: Check out our latest reel on youtube! | F6: 3557 | G6: 687 | H6: 424 | I6: 71140 | J6: 70701 | K6: 224 | L6: #EVRevolution | M6: #TeslaCoInnovation | O6: CybertruckLaunch | P6: CybertruckLaunch | Q6: =(Table1_217[[#This Row],[Likes]]+Table1_217[[#This Row],[Shares]]+Table1_217[[#This Row],[Comments]])/Table1_217[[#This Row],[Impressions]] -> 0.065617093 | R6: =Table1_217[[#This Row],[Likes]]+Table1_217[[#This Row],[Shares]]+Table1_217[[#This Row],[Comments]] -> 4668 | T6: ModelYCampaign | U6: 2632016 | V6: 206959 | W6: 12287 | X6: 34631.789 | Y6: 2723.1447 | Z6: 161.67105 | AA6: 10.620021 | AB6: 0.13973712 | AD6: ModelYCampaign | AE6: =VLOOKUP(T6, 'Campaign Metadata'!A3:G7, 5,FALSE) -> 200000 | AF6: =GETPIVOTDATA("Sum of Total Engagement",$T$10,"Campaign_Name_Filled","CybertruckLaunch")/AE6 -> 1.226175 | AG6: =GETPIVOTDATA("Sum of Total Engagement",$T$10,"Campaign_Name_Filled","ModelYCampaign") -> 274774
A7: P006 | B7: Facebook | C7: 45596 | D7: Carousel | E7: Check out our latest carousel on facebook! | F7: 2945 | G7: 930 | H7: 355 | I7: 23560 | J7: 23275 | K7: 256 | L7: #TeslaCoInnovation | O7: ModelYCampaign | P7: ModelYCampaign | Q7: =(Table1_217[[#This Row],[Likes]]+Table1_217[[#This Row],[Shares]]+Table1_217[[#This Row],[Comments]])/Table1_217[[#This Row],[Impressions]] -> 0.1795416 | R7: =Table1_217[[#This Row],[Likes]]+Table1_217[[#This Row],[Shares]]+Table1_217[[#This Row],[Comments]] -> 4230 | T7: SustainabilityDrive | U7: 3069799 | V7: 240572 | W7: 13443 | X7: 34492.124 | Y7: 2703.0562 | Z7: 151.04494 | AA7: 13.411924 | AB7: 0.15069577 | AD7: SustainabilityDrive | AE7: =VLOOKUP(T7, 'Campaign Metadata'!A4:G8, 5,FALSE) -> 180000 | AF7: =GETPIVOTDATA("Sum of Total Engagement",$T$10,"Campaign_Name_Filled","CybertruckLaunch")/AE7 -> 1.3624167 | AG7: =GETPIVOTDATA("Sum of Total Engagement",$T$10,"Campaign_Name_Filled","SustainabilityDrive") -> 320271
A8: P007 | B8: Twitter | C8: 45467 | D8: Carousel | E8: Check out our latest carousel on twitter! | F8: 3860 | G8: 201 | H8: 279 | I8: 61760 | J8: 61660 | K8: 235 | L8: #TeslaCoInnovation | O8: ModelYCampaign | P8: ModelYCampaign | Q8: =(Table1_217[[#This Row],[Likes]]+Table1_217[[#This Row],[Shares]]+Table1_217[[#This Row],[Comments]])/Table1_217[[#This Row],[Impressions]] -> 0.070272021 | R8: =Table1_217[[#This Row],[Likes]]+Table1_217[[#This Row],[Shares]]+Table1_217[[#This Row],[Comments]] -> 4340 | T8: Grand Total | U8: 10394153 | V8: 819991 | W8: 45366 | X8: 34647.177 | Y8: 2733.3033 | Z8: 151.22 | AA8: 44.484817 | AB8: 0.14828272
A9: P008 | B9: YouTube | C9: 45486 | D9: Image | E9: Check out our latest image on youtube! | F9: 3929 | G9: 262 | H9: 278 | I9: 43219 | J9: 42841 | K9: 39 | L9: #EVRevolution | O9: SustainabilityDrive | P9: SustainabilityDrive | Q9: =(Table1_217[[#This Row],[Likes]]+Table1_217[[#This Row],[Shares]]+Table1_217[[#This Row],[Comments]])/Table1_217[[#This Row],[Impressions]] -> 0.1034036 | R9: =Table1_217[[#This Row],[Likes]]+Table1_217[[#This Row],[Shares]]+Table1_217[[#This Row],[Comments]] -> 4469
A10: P009 | B10: Facebook | C10: 45534 | D10: Text | E10: Check out our latest text on facebook! | F10: 3784 | G10: 808 | H10: 404 | I10: 56760 | J10: 56343 | K10: 131 | L10: #TeslaCoInnovation | O10: ModelYCampaign | P10: ModelYCampaign | Q10: =(Table1_217[[#This Row],[Likes]]+Table1_217[[#This Row],[Shares]]+Table1_217[[#This Row],[Comments]])/Table1_217[[#This Row],[Impressions]] -> 0.088019732 | R10: =Table1_217[[#This Row],[Likes]]+Table1_217[[#This Row],[Shares]]+Table1_217[[#This Row],[Comments]] -> 4996 | T10: Row Labels | U10: Sum of Impressions | V10: Sum of Clicks | W10: Sum of Likes | X10: Average of Impressions | Y10: Average of Clicks | Z10: Average of Likes | AA10: Sum of Total Engagement | AB10: Average of Engagement Rate
A11: P010 | B11: Facebook | C11: 45727 | D11: Image | E11: Check out our latest image on facebook! | F11: 4241 | G11: 902 | H11: 47 | I11: 72097 | J11: 71598 | K11: 167 | L11: #TeslaCoInnovation | O11: ModelYCampaign | P11: ModelYCampaign | Q11: =(Table1_217[[#This Row],[Likes]]+Table1_217[[#This Row],[Shares]]+Table1_217[[#This Row],[Comments]])/Table1_217[[#This Row],[Impressions]] -> 0.071986352 | R11: =Table1_217[[#This Row],[Likes]]+Table1_217[[#This Row],[Shares]]+Table1_217[[#This Row],[Comments]] -> 5190 | T11: CybertruckLaunch | U11: 2426285 | V11: 9604 | W11: 189114 | X11: 35680.662 | Y11: 141.23529 | Z11: 2781.0882 | AA11: 245235
A12: P011 | B12: Instagram | C12: 45690 | D12: Story | E12: Check out our latest story on instagram! | F12: 1792 | G12: 614 | H12: 497 | I12: 25088 | J12: 24675 | K12: 65 | L12: #FutureOfDriving | O12: SustainabilityDrive | P12: SustainabilityDrive | Q12: =(Table1_217[[#This Row],[Likes]]+Table1_217[[#This Row],[Shares]]+Table1_217[[#This Row],[Comments]])/Table1_217[[#This Row],[Impressions]] -> 0.11571269 | R12: =Table1_217[[#This Row],[Likes]]+Table1_217[[#This Row],[Shares]]+Table1_217[[#This Row],[Comments]] -> 2903 | T12: FSDUpdate | U12: 2266053 | V12: 10032 | W12: 183346 | X12: 33821.687 | Y12: 149.73134 | Z12: 2736.5075 | AA12: 242853
A13: P012 | B13: Facebook | C13: 45494 | D13: Reel | E13: Check out our latest reel on facebook! | F13: 1946 | G13: 686 | H13: 377 | I13: 23352 | J13: 22982 | K13: 213 | L13: #FutureOfDriving | O13: FSDUpdate | P13: FSDUpdate | Q13: =(Table1_217[[#This Row],[Likes]]+Table1_217[[#This Row],[Shares]]+Table1_217[[#This Row],[Comments]])/Table1_217[[#This Row],[Impressions]] -> 0.12885406 | R13: =Table1_217[[#This Row],[Likes]]+Table1_217[[#This Row],[Shares]]+Table1_217[[#This Row],[Comments]] -> 3009 | T13: ModelYCampaign | U13: 2632016 | V13: 12287 | W13: 206959 | X13: 34631.789 | Y13: 161.67105 | Z13: 2723.1447 | AA13: 274774
A14: P013 | B14: YouTube | C14: 45614 | D14: Carousel | E14: Check out our latest carousel on youtube! | F14: 1171 | G14: 286 | H14: 231 | I14: 22249 | J14: 21282 | K14: 114 | L14: #EVRevolution | O14: CybertruckLaunch | P14: CybertruckLaunch | Q14: =(Table1_217[[#This Row],[Likes]]+Table1_217[[#This Row],[Shares]]+Table1_217[[#This Row],[Comments]])/Table1_217[[#This Row],[Impressions]] -> 0.075868578 | R14: =Table1_217[[#This Row],[Likes]]+Table1_217[[#This Row],[Shares]]+Table1_217[[#This Row],[Comments]] -> 1688 | T14: SustainabilityDrive | U14: 3069799 | V14: 13443 | W14: 240572 | X14: 34492.124 | Y14: 151.04494 | Z14: 2703.0562 | AA14: 320271
A15: P014 | B15: Facebook | C15: 45704 | D15: Story | E15: Check out our latest story on facebook! | F15: 4242 | G15: 555 | H15: 131 | I15: 33936 | J15: 33802 | K15: 265 | L15: #FutureOfDriving | P15: SustainabilityDrive | Q15: =(Table1_217[[#This Row],[Likes]]+Table1_217[[#This Row],[Shares]]+Table1_217[[#This Row],[Comments]])/Table1_217[[#This Row],[Impressions]] -> 0.14521452 | R15: =Table1_217[[#This Row],[Likes]]+Table1_217[[#This Row],[Shares]]+Table1_217[[#This Row],[Comments]] -> 4928 | T15: Grand Total | U15: 10394153 | V15: 45366 | W15: 819991 | X15: 34647.177 | Y15: 151.22 | Z15: 2733.3033 | AA15: 1083133
A16: P015 | B16: Facebook | C16: 45589 | D16: Video | E16: Check out our latest video on facebook! | F16: 3888 | G16: 604 | H16: 128 | I16: 77760 | J16: 77167 | K16: 20 | L16: #FutureOfDriving | O16: CybertruckLaunch | P16: CybertruckLaunch | Q16: =(Table1_217[[#This Row],[Likes]]+Table1_217[[#This Row],[Shares]]+Table1_217[[#This Row],[Comments]])/Table1_217[[#This Row],[Impressions]] -> 0.05941358 | R16: =Table1_217[[#This Row],[Likes]]+Table1_217[[#This Row],[Shares]]+Table1_217[[#This Row],[Comments]] -> 4620
A17: P016 | B17: Facebook | C17: 45530 | D17: Text | E17: Check out our latest text on facebook! | F17: 3452 | G17: 377 | H17: 360 | I17: 55232 | J17: 55075 | K17: 87 | L17: #FutureOfDriving | O17: FSDUpdate | P17: FSDUpdate | Q17: =(Table1_217[[#This Row],[Likes]]+Table1_217[[#This Row],[Shares]]+Table1_217[[#This Row],[Comments]])/Table1_217[[#This Row],[Impressions]] -> 0.075843714 | R17: =Table1_217[[#This Row],[Likes]]+Table1_217[[#This Row],[Shares]]+Table1_217[[#This Row],[Comments]] -> 4189
A18: P017 | B18: Facebook | C18: 45782 | D18: Text | E18: Check out our latest text on facebook! | F18: 4441 | G18: 511 | H18: 70 | I18: 53292 | J18: 53082 | K18: 159 | L18: #EVRevolution | O18: SustainabilityDrive | P18: SustainabilityDrive | Q18: =(Table1_217[[#This Row],[Likes]]+Table1_217[[#This Row],[Shares]]+Table1_217[[#This Row],[Comments]])/Table1_217[[#This Row],[Impressions]] -> 0.094235533 | R18: =Table1_217[[#This Row],[Likes]]+Table1_217[[#This Row],[Shares]]+Table1_217[[#This Row],[Comments]] -> 5022
A19: P018 | B19: Instagram | C19: 45523 | D19: Reel | E19: Check out our latest reel on instagram! | F19: 3000 | G19: 382 | H19: 325 | I19: 36000 | J19: 35819 | K19: 19 | L19: #FutureOfDriving | O19: CybertruckLaunch | P19: CybertruckLaunch | Q19: =(Table1_217[[#This Row],[Likes]]+Table1_217[[#This Row],[Shares]]+Table1_217[[#This Row],[Comments]])/Table1_217[[#This Row],[Impressions]] -> 0.10297222 | R19: =Table1_217[[#This Row],[Likes]]+Table1_217[[#This Row],[Shares]]+Table1_217[[#This Row],[Comments]] -> 3707
A20: P019 | B20: Instagram | C20: 45466 | D20: Video | E20: Check out our latest video on instagram! | F20: 1071 | G20: 519 | H20: 22 | I20: 16065 | J20: 15865 | K20: 103 | L20: #TeslaCoInnovation | O20: SustainabilityDrive | P20: SustainabilityDrive | Q20: =(Table1_217[[#This Row],[Likes]]+Table1_217[[#This Row],[Shares]]+Table1_217[[#This Row],[Comments]])/Table1_217[[#This Row],[Impressions]] -> 0.10034236 | R20: =Table1_217[[#This Row],[Likes]]+Table1_217[[#This Row],[Shares]]+Table1_217[[#This Row],[Comments]] -> 1612
A21: P020 | B21: Instagram | C21: 45544 | D21: Carousel | E21: Check out our latest carousel on instagram! | F21: 4054 | G21: 488 | H21: 373 | I21: 77026 | J21: 76881 | K21: 25 | L21: #TeslaCoInnovation | O21: CybertruckLaunch | P21: CybertruckLaunch | Q21: =(Table1_217[[#This Row],[Likes]]+Table1_217[[#This Row],[Shares]]+Table1_217[[#This Row],[Comments]])/Table1_217[[#This Row],[Impressions]] -> 0.063809623 | R21: =Table1_217[[#This Row],[Likes]]+Table1_217[[#This Row],[Shares]]+Table1_217[[#This Row],[Comments]] -> 4915
A22: P021 | B22: Instagram | C22: 45661 | D22: Reel | E22: Check out our latest reel on instagram! | F22: 4838 | G22: 640 | H22: 128 | I22: 72570 | J22: 72396 | K22: 83 | L22: #FutureOfDriving | O22: SustainabilityDrive | P22: SustainabilityDrive | Q22: =(Table1_217[[#This Row],[Likes]]+Table1_217[[#This Row],[Shares]]+Table1_217[[#This Row],[Comments]])/Table1_217[[#This Row],[Impressions]] -> 0.077249552 | R22: =Table1_217[[#This Row],[Likes]]+Table1_217[[#This Row],[Shares]]+Table1_217[[#This Row],[Comments]] -> 5606
A23: P022 | B23: Facebook | C23: 45715 | D23: Text | E23: Check out our latest text on facebook! | F23: 1570 | G23: 187 | H23: 260 | I23: 25120 | J23: 24613 | K23: 133 | L23: #TeslaCoInnovation | O23: SustainabilityDrive | P23: SustainabilityDrive | Q23: =(Table1_217[[#This Row],[Likes]]+Table1_217[[#This Row],[Shares]]+Table1_217[[#This Row],[Comments]])/Table1_217[[#This Row],[Impressions]] -> 0.080294586 | R23: =Table1_217[[#This Row],[Likes]]+Table1_217[[#This Row],[Shares]]+Table1_217[[#This Row],[Comments]] -> 2017
A24: P023 | B24: Facebook | C24: 45602 | D24: Video | E24: Check out our latest video on facebook! | F24: 1606 | G24: 547 | H24: 316 | I24: 32120 | J24: 31736 | K24: 225 | L24: #TeslaCoInnovation | M24: #AnytimeIsTeslaTime | O24: ModelYCampaign | P24: ModelYCampaign | Q24: =(Table1_217[[#This Row],[Likes]]+Table1_217[[#This Row],[Shares]]+Table1_217[[#This Row],[Comments]])/Table1_217[[#This Row],[Impressions]] -> 0.076867995 | R24: =Table1_217[[#This Row],[Likes]]+Table1_217[[#This Row],[Shares]]+Table1_217[[#This Row],[Comments]] -> 2469
A25: P024 | B25: Facebook | C25: 45680 | D25: Video | E25: Check out our latest video on facebook! | F25: 3961 | G25: 761 | H25: 131 | I25: 67337 | J25: 66615 | K25: 161 | L25: #FutureOfDriving | O25: FSDUpdate | P25: FSDUpdate | Q25: =(Table1_217[[#This Row],[Likes]]+Table1_217[[#This Row],[Shares]]+Table1_217[[#This Row],[Comments]])/Table1_217[[#This Row],[Impressions]] -> 0.072070333 | R25: =Table1_217[[#This Row],[Likes]]+Table1_217[[#This Row],[Shares]]+Table1_217[[#This Row],[Comments]] -> 4853
A26: P025 | B26: Twitter | C26: 45757 | D26: Carousel | E26: Check out our latest carousel on twitter! | F26: 3128 | G26: 211 | H26: 197 | I26: 59432 | J26: 59182 | K26: 238 | L26: #EVRevolution | P26: CybertruckLaunch | Q26: =(Table1_217[[#This Row],[Likes]]+Table1_217[[#This Row],[Shares]]+Table1_217[[#This Row],[Comments]])/Table1_217[[#This Row],[Impressions]] -> 0.059496568 | R26: =Table1_217[[#This Row],[Likes]]+Table1_217[[#This Row],[Shares]]+Table1_217[[#This Row],[Comments]] -> 3536
A27: P026 | B27: YouTube | C27: 45752 | D27: Reel | E27: Check out our latest reel on youtube! | F27: 3009 | G27: 413 | H27: 358 | I27: 42126 | J27: 41309 | K27: 211 | L27: #FutureOfDriving | O27: ModelYCampaign | P27: ModelYCampaign | Q27: =(Table1_217[[#This Row],[Likes]]+Table1_217[[#This Row],[Shares]]+Table1_217[[#This Row],[Comments]])/Table1_217[[#This Row],[Impressions]] -> 0.089730808 | R27: =Table1_217[[#This Row],[Likes]]+Table1_217[[#This Row],[Shares]]+Table1_217[[#This Row],[Comments]] -> 3780
A28: P027 | B28: YouTube | C28: 45552 | D28: Text | E28: Check out our latest text on youtube! | F28: 2076 | G28: 195 | H28: 104 | I28: 33216 | J28: 32244 | K28: 51 | L28: #FutureOfDriving | O28: SustainabilityDrive | P28: SustainabilityDrive | Q28: =(Table1_217[[#This Row],[Likes]]+Table1_217[[#This Row],[Shares]]+Table1_217[[#This Row],[Comments]])/Table1_217[[#This Row],[Impressions]] -> 0.071501686 | R28: =Table1_217[[#This Row],[Likes]]+Table1_217[[#This Row],[Shares]]+Table1_217[[#This Row],[Comments]] -> 2375
A29: P028 | B29: Instagram | C29: 45720 | D29: Video | E29: Check out our latest video on instagram! | F29: 432 | G29: 624 | H29: 123 | I29: 6912 | J29: 6259 | K29: 79 | L29: #FutureOfDriving | O29: SustainabilityDrive | P29: SustainabilityDrive | Q29: =(Table1_217[[#This Row],[Likes]]+Table1_217[[#This Row],[Shares]]+Table1_217[[#This Row],[Comments]])/Table1_217[[#This Row],[Impressions]] -> 0.17057292 | R29: =Table1_217[[#This Row],[Likes]]+Table1_217[[#This Row],[Shares]]+Table1_217[[#This Row],[Comments]] -> 1179
A30: P029 | B30: Instagram | C30: 45688 | D30: Carousel | E30: Check out our latest carousel on instagram! | F30: 2566 | G30: 118 | H30: 37 | I30: 12830 | J30: 12264 | K30: 221 | L30: #FutureOfDriving | O30: FSDUpdate | P30: FSDUpdate | Q30: =(Table1_217[[#This Row],[Likes]]+Table1_217[[#This Row],[Shares]]+Table1_217[[#This Row],[Comments]])/Table1_217[[#This Row],[Impressions]] -> 0.21208106 | R30: =Table1_217[[#This Row],[Likes]]+Table1_217[[#This Row],[Shares]]+Table1_217[[#This Row],[Comments]] -> 2721
A31: P030 | B31: Instagram | C31: 45713 | D31: Video | E31: Check out our latest video on instagram! | F31: 3095 | G31: 39 | H31: 78 | I31: 55710 | J31: 54808 | K31: 93 | L31: #EVRevolution | P31: CybertruckLaunch | Q31: =(Table1_217[[#This Row],[Likes]]+Table1_217[[#This Row],[Shares]]+Table1_217[[#This Row],[Comments]])/Table1_217[[#This Row],[Impressions]] -> 0.057655717 | R31: =Table1_217[[#This Row],[Likes]]+Table1_217[[#This Row],[Shares]]+Table1_217[[#This Row],[Comments]] -> 3212
A32: P031 | B32: Instagram | C32: 45642 | D32: Text | E32: Check out our latest text on instagram! | F32: 438 | G32: 153 | H32: 275 | I32: 3066 | J32: 2701 | K32: 282 | L32: #TeslaCoInnovation | O32: ModelYCampaign | P32: ModelYCampaign | Q32: =(Table1_217[[#This Row],[Likes]]+Table1_217[[#This Row],[Shares]]+Table1_217[[#This Row],[Comments]])/Table1_217[[#This Row],[Impressions]] -> 0.28245271 | R32: =Table1_217[[#This Row],[Likes]]+Table1_217[[#This Row],[Shares]]+Table1_217[[#This Row],[Comments]] -> 866
A33: P032 | B33: Twitter | C33: 45504 | D33: Carousel | E33: Check out our latest carousel on twitter! | F33: 2278 | G33: 10 | H33: 321 | I33: 13668 | J33: 12676 | K33: 275 | L33: #EVRevolution | O33: CybertruckLaunch | P33: CybertruckLaunch | Q33: =(Table1_217[[#This Row],[Likes]]+Table1_217[[#This Row],[Shares]]+Table1_217[[#This Row],[Comments]])/Table1_217[[#This Row],[Impressions]] -> 0.19088382 | R33: =Table1_217[[#This Row],[Likes]]+Table1_217[[#This Row],[Shares]]+Table1_217[[#This Row],[Comments]] -> 2609
A34: P033 | B34: Facebook | C34: 45525 | D34: Image | E34: Check out our latest image on facebook! | F34: 1407 | G34: 400 | H34: 351 | I34: 16884 | J34: 15954 | K34: 113 | L34: #TeslaCoInnovation | O34: CybertruckLaunch | P34: CybertruckLaunch | Q34: =(Table1_217[[#This Row],[Likes]]+Table1_217[[#This Row],[Shares]]+Table1_217[[#This Row],[Comments]])/Table1_217[[#This Row],[Impressions]] -> 0.12781331 | R34: =Table1_217[[#This Row],[Likes]]+Table1_217[[#This Row],[Shares]]+Table1_217[[#This Row],[Comments]] -> 2158
A35: P034 | B35: Facebook | C35: 45742 | D35: Text | E35: Check out our latest text on facebook! | F35: 1652 | G35: 89 | H35: 357 | I35: 29736 | J35: 28771 | K35: 215 | L35: #TeslaCoInnovation | O35: FSDUpdate | P35: FSDUpdate | Q35: =(Table1_217[[#This Row],[Likes]]+Table1_217[[#This Row],[Shares]]+Table1_217[[#This Row],[Comments]])/Table1_217[[#This Row],[Impressions]] -> 0.07055421 | R35: =Table1_217[[#This Row],[Likes]]+Table1_217[[#This Row],[Shares]]+Table1_217[[#This Row],[Comments]] -> 2098
A36: P035 | B36: Instagram | C36: 45626 | D36: Video | E36: Check out our latest video on instagram! | F36: 3775 | G36: 16 | H36: 239 | I36: 33975 | J36: 33310 | K36: 271 | L36: #FutureOfDriving | O36: ModelYCampaign | P36: ModelYCampaign | Q36: =(Table1_217[[#This Row],[Likes]]+Table1_217[[#This Row],[Shares]]+Table1_217[[#This Row],[Comments]])/Table1_217[[#This Row],[Impressions]] -> 0.11861663 | R36: =Table1_217[[#This Row],[Likes]]+Table1_217[[#This Row],[Shares]]+Table1_217[[#This Row],[Comments]] -> 4030
A37: P036 | B37: Instagram | C37: 45766 | D37: Story | E37: Check out our latest story on instagram! | F37: 4518 | G37: 285 | H37: 383 | I37: 67770 | J37: 67621 | K37: 31 | L37: #EVRevolution | O37: ModelYCampaign | P37: ModelYCampaign | Q37: =(Table1_217[[#This Row],[Likes]]+Table1_217[[#This Row],[Shares]]+Table1_217[[#This Row],[Comments]])/Table1_217[[#This Row],[Impressions]] -> 0.076523535 | R37: =Table1_217[[#This Row],[Likes]]+Table1_217[[#This Row],[Shares]]+Table1_217[[#This Row],[Comments]] -> 5186
A38: P037 | B38: Facebook | C38: 45663 | D38: Carousel | E38: Check out our latest carousel on facebook! | F38: 3024 | G38: 925 | H38: 350 | I38: 24192 | J38: 23518 | K38: 36 | L38: #EVRevolution | O38: ModelYCampaign | P38: ModelYCampaign | Q38: =(Table1_217[[#This Row],[Likes]]+Table1_217[[#This Row],[Shares]]+Table1_217[[#This Row],[Comments]])/Table1_217[[#This Row],[Impressions]] -> 0.17770337 | R38: =Table1_217[[#This Row],[Likes]]+Table1_217[[#This Row],[Shares]]+Table1_217[[#This Row],[Comments]] -> 4299
A39: P038 | B39: YouTube | C39: 45705 | D39: Reel | E39: Check out our latest reel on youtube! | F39: 3138 | G39: 123 | H39: 291 | I39: 28242 | J39: 27550 | K39: 87 | L39: #TeslaCoInnovation | O39: SustainabilityDrive | P39: SustainabilityDrive | Q39: =(Table1_217[[#This Row],[Likes]]+Table1_217[[#This Row],[Shares]]+Table1_217[[#This Row],[Comments]])/Table1_217[[#This Row],[Impressions]] -> 0.12577013 | R39: =Table1_217[[#This Row],[Likes]]+Table1_217[[#This Row],[Shares]]+Table1_217[[#This Row],[Comments]] -> 3552
A40: P039 | B40: Facebook | C40: 45621 | D40: Image | E40: Check out our latest image on facebook! | F40: 3564 | G40: 629 | H40: 177 | I40: 60588 | J40: 59627 | K40: 92 | L40: #TeslaCoInnovation | P40: ModelYCampaign | Q40: =(Table1_217[[#This Row],[Likes]]+Table1_217[[#This Row],[Shares]]+Table1_217[[#This Row],[Comments]])/Table1_217[[#This Row],[Impressions]] -> 0.072126494 | R40: =Table1_217[[#This Row],[Likes]]+Table1_217[[#This Row],[Shares]]+Table1_217[[#This Row],[Comments]] -> 4370
A41: P040 | B41: Twitter | C41: 45723 | D41: Image | E41: Check out our latest image on twitter! | F41: 4750 | G41: 151 | H41: 415 | I41: 38000 | J41: 37792 | K41: 299 | L41: #EVRevolution | O41: SustainabilityDrive | P41: SustainabilityDrive | Q41: =(Table1_217[[#This Row],[Likes]]+Table1_217[[#This Row],[Shares]]+Table1_217[[#This Row],[Comments]])/Table1_217[[#This Row],[Impressions]] -> 0.13989474 | R41: =Table1_217[[#This Row],[Likes]]+Table1_217[[#This Row],[Shares]]+Table1_217[[#This Row],[Comments]] -> 5316
A42: P041 | B42: Instagram | C42: 45724 | D42: Reel | E42: Check out our latest reel on instagram! | F42: 456 | G42: 629 | H42: 428 | I42: 8208 | J42: 7377 | K42: 205 | L42: #FutureOfDriving | O42: SustainabilityDrive | P42: SustainabilityDrive | Q42: =(Table1_217[[#This Row],[Likes]]+Table1_217[[#This Row],[Shares]]+Table1_217[[#This Row],[Comments]])/Table1_217[[#This Row],[Impressions]] -> 0.18433236 | R42: =Table1_217[[#This Row],[Likes]]+Table1_217[[#This Row],[Shares]]+Table1_217[[#This Row],[Comments]] -> 1513
A43: P042 | B43: YouTube | C43: 45721 | D43: Reel | E43: Check out our latest reel on youtube! | F43: 1543 | G43: 820 | H43: 333 | I43: 12344 | J43: 11496 | K43: 241 | L43: #EVRevolution | P43: CybertruckLaunch | Q43: =(Table1_217[[#This Row],[Likes]]+Table1_217[[#This Row],[Shares]]+Table1_217[[#This Row],[Comments]])/Table1_217[[#This Row],[Impressions]] -> 0.2184057 | R43: =Table1_217[[#This Row],[Likes]]+Table1_217[[#This Row],[Shares]]+Table1_217[[#This Row],[Comments]] -> 2696
A44: P043 | B44: Instagram | C44: 45640 | D44: Carousel | E44: Check out our latest carousel on instagram! | F44: 2174 | G44: 658 | H44: 15 | I44: 13044 | J44: 12206 | K44: 137 | L44: #TeslaCoInnovation | O44: FSDUpdate | P44: FSDUpdate | Q44: =(Table1_217[[#This Row],[Likes]]+Table1_217[[#This Row],[Shares]]+Table1_217[[#This Row],[Comments]])/Table1_217[[#This Row],[Impressions]] -> 0.21826127 | R44: =Table1_217[[#This Row],[Likes]]+Table1_217[[#This Row],[Shares]]+Table1_217[[#This Row],[Comments]] -> 2847
A45: P044 | B45: Twitter | C45: 45718 | D45: Image | E45: Check out our latest image on twitter! | F45: 2358 | G45: 784 | H45: 344 | I45: 35370 | J45: 34475 | K45: 216 | L45: #TeslaCoInnovation | P45: ModelYCampaign | Q45: =(Table1_217[[#This Row],[Likes]]+Table1_217[[#This Row],[Shares]]+Table1_217[[#This Row],[Comments]])/Table1_217[[#This Row],[Impressions]] -> 0.0985581 | R45: =Table1_217[[#This Row],[Likes]]+Table1_217[[#This Row],[Shares]]+Table1_217[[#This Row],[Comments]] -> 3486
A46: P045 | B46: Facebook | C46: 45597 | D46: Video | E46: Check out our latest video on facebook! | F46: 3371 | G46: 106 | H46: 327 | I46: 50565 | J46: 49816 | K46: 176 | L46: #FutureOfDriving | O46: CybertruckLaunch | P46: CybertruckLaunch | Q46: =(Table1_217[[#This Row],[Likes]]+Table1_217[[#This Row],[Shares]]+Table1_217[[#This Row],[Comments]])/Table1_217[[#This Row],[Impressions]] -> 0.075229902 | R46: =Table1_217[[#This Row],[Likes]]+Table1_217[[#This Row],[Shares]]+Table1_217[[#This Row],[Comments]] -> 3804
A47: P046 | B47: Twitter | C47: 45779 | D47: Video | E47: Check out our latest video on twitter! | F47: 1108 | G47: 177 | H47: 212 | I47: 8864 | J47: 8710 | K47: 97 | L47: #TeslaCoInnovation | O47: SustainabilityDrive | P47: SustainabilityDrive | Q47: =(Table1_217[[#This Row],[Likes]]+Table1_217[[#This Row],[Shares]]+Table1_217[[#This Row],[Comments]])/Table1_217[[#This Row],[Impressions]] -> 0.16888538 | R47: =Table1_217[[#This Row],[Likes]]+Table1_217[[#This Row],[Shares]]+Table1_217[[#This Row],[Comments]] -> 1497
A48: P047 | B48: Twitter | C48: 45712 | D48: Carousel | E48: Check out our latest carousel on twitter! | F48: 2704 | G48: 752 | H48: 153 | I48: 21632 | J48: 20792 | K48: 127 | L48: #FutureOfDriving | P48: SustainabilityDrive | Q48: =(Table1_217[[#This Row],[Likes]]+Table1_217[[#This Row],[Shares]]+Table1_217[[#This Row],[Comments]])/Table1_217[[#This Row],[Impressions]] -> 0.16683617 | R48: =Table1_217[[#This Row],[Likes]]+Table1_217[[#This Row],[Shares]]+Table1_217[[#This Row],[Comments]] -> 3609
A49: P048 | B49: Twitter | C49: 45727 | D49: Story | E49: Check out our latest story on twitter! | F49: 1950 | G49: 295 | H49: 478 | I49: 37050 | J49: 36272 | K49: 119 | L49: #TeslaCoInnovation | P49: ModelYCampaign | Q49: =(Table1_217[[#This Row],[Likes]]+Table1_217[[#This Row],[Shares]]+Table1_217[[#This Row],[Comments]])/Table1_217[[#This Row],[Impressions]] -> 0.073495277 | R49: =Table1_217[[#This Row],[Likes]]+Table1_217[[#This Row],[Shares]]+Table1_217[[#This Row],[Comments]] -> 2723
A50: P049 | B50: Twitter | C50: 45453 | D50: Story | E50: Check out our latest story on twitter! | F50: 2164 | G50: 549 | H50: 274 | I50: 28132 | J50: 27361 | K50: 177 | L50: #TeslaCoInnovation | O50: SustainabilityDrive | P50: SustainabilityDrive | Q50: =(Table1_217[[#This Row],[Likes]]+Table1_217[[#This Row],[Shares]]+Table1_217[[#This Row],[Comments]])/Table1_217[[#This Row],[Impressions]] -> 0.10617802 | R50: =Table1_217[[#This Row],[Likes]]+Table1_217[[#This Row],[Shares]]+Table1_217[[#This Row],[Comments]] -> 2987
A51: P050 | B51: YouTube | C51: 45476 | D51: Story | E51: Check out our latest story on youtube! | F51: 2754 | G51: 130 | H51: 90 | I51: 22032 | J51: 21288 | K51: 112 | L51: #TeslaCoInnovation | O51: FSDUpdate | P51: FSDUpdate | Q51: =(Table1_217[[#This Row],[Likes]]+Table1_217[[#This Row],[Shares]]+Table1_217[[#This Row],[Comments]])/Table1_217[[#This Row],[Impressions]] -> 0.13498548 | R51: =Table1_217[[#This Row],[Likes]]+Table1_217[[#This Row],[Shares]]+Table1_217[[#This Row],[Comments]] -> 2974
A52: P051 | B52: Facebook | C52: 45456 | D52: Carousel | E52: Check out our latest carousel on facebook! | F52: 2200 | G52: 504 | H52: 239 | I52: 37400 | J52: 36938 | K52: 225 | L52: #FutureOfDriving | O52: ModelYCampaign | P52: ModelYCampaign | Q52: =(Table1_217[[#This Row],[Likes]]+Table1_217[[#This Row],[Shares]]+Table1_217[[#This Row],[Comments]])/Table1_217[[#This Row],[Impressions]] -> 0.07868984 | R52: =Table1_217[[#This Row],[Likes]]+Table1_217[[#This Row],[Shares]]+Table1_217[[#This Row],[Comments]] -> 2943
A53: P052 | B53: Facebook | C53: 45660 | D53: Image | E53: Check out our latest image on facebook! | F53: 947 | G53: 338 | H53: 350 | I53: 10417 | J53: 9730 | K53: 34 | L53: #TeslaCoInnovation | O53: SustainabilityDrive | P53: SustainabilityDrive | Q53: =(Table1_217[[#This Row],[Likes]]+Table1_217[[#This Row],[Shares]]+Table1_217[[#This Row],[Comments]])/Table1_217[[#This Row],[Impressions]] -> 0.15695498 | R53: =Table1_217[[#This Row],[Likes]]+Table1_217[[#This Row],[Shares]]+Table1_217[[#This Row],[Comments]] -> 1635
A54: P053 | B54: YouTube | C54: 45712 | D54: Carousel | E54: Check out our latest carousel on youtube! | F54: 804 | G54: 639 | H54: 43 | I54: 4020 | J54: 3144 | K54: 11 | L54: #EVRevolution | M54: #BetterWithTesla | P54: CybertruckLaunch | Q54: =(Table1_217[[#This Row],[Likes]]+Table1_217[[#This Row],[Shares]]+Table1_217[[#This Row],[Comments]])/Table1_217[[#This Row],[Impressions]] -> 0.36965174 | R54: =Table1_217[[#This Row],[Likes]]+Table1_217[[#This Row],[Shares]]+Table1_217[[#This Row],[Comments]] -> 1486
A55: P054 | B55: YouTube | C55: 45729 | D55: Carousel | E55: Check out our latest carousel on youtube! | F55: 1686 | G55: 904 | H55: 472 | I55: 18546 | J55: 18171 | K55: 52 | L55: #FutureOfDriving | O55: ModelYCampaign | P55: ModelYCampaign | Q55: =(Table1_217[[#This Row],[Likes]]+Table1_217[[#This Row],[Shares]]+Table1_217[[#This Row],[Comments]])/Table1_217[[#This Row],[Impressions]] -> 0.16510299 | R55: =Table1_217[[#This Row],[Likes]]+Table1_217[[#This Row],[Shares]]+Table1_217[[#This Row],[Comments]] -> 3062
A56: P055 | B56: Facebook | C56: 45460 | D56: Image | E56: Check out our latest image on facebook! | F56: 1226 | G56: 119 | H56: 7 | I56: 14712 | J56: 14049 | K56: 123 | L56: #EVRevolution | O56: SustainabilityDrive | P56: SustainabilityDrive | Q56: =(Table1_217[[#This Row],[Likes]]+Table1_217[[#This Row],[Shares]]+Table1_217[[#This Row],[Comments]])/Table1_217[[#This Row],[Impressions]] -> 0.091897771 | R56: =Table1_217[[#This Row],[Likes]]+Table1_217[[#This Row],[Shares]]+Table1_217[[#This Row],[Comments]] -> 1352
A57: P056 | B57: Facebook | C57: 45644 | D57: Carousel | E57: Check out our latest carousel on facebook! | F57: 2946 | G57: 498 | H57: 367 | I57: 29460 | J57: 28527 | K57: 60 | L57: #FutureOfDriving | O57: FSDUpdate | P57: FSDUpdate | Q57: =(Table1_217[[#This Row],[Likes]]+Table1_217[[#This Row],[Shares]]+Table1_217[[#This Row],[Comments]])/Table1_217[[#This Row],[Impressions]] -> 0.12936185 | R57: =Table1_217[[#This Row],[Likes]]+Table1_217[[#This Row],[Shares]]+Table1_217[[#This Row],[Comments]] -> 3811
A58: P057 | B58: Twitter | C58: 45586 | D58: Video | E58: Check out our latest video on twitter! | F58: 2825 | G58: 535 | H58: 295 | I58: 45200 | J58: 44739 | K58: 169 | L58: #TeslaCoInnovation | O58: CybertruckLaunch | P58: CybertruckLaunch | Q58: =(Table1_217[[#This Row],[Likes]]+Table1_217[[#This Row],[Shares]]+Table1_217[[#This Row],[Comments]])/Table1_217[[#This Row],[Impressions]] -> 0.080862832 | R58: =Table1_217[[#This Row],[Likes]]+Table1_217[[#This Row],[Shares]]+Table1_217[[#This Row],[Comments]] -> 3655
A59: P058 | B59: Instagram | C59: 45762 | D59: Reel | E59: Check out our latest reel on instagram! | F59: 103 | G59: 770 | H59: 19 | I59: 1030 | J59: 410 | K59: 262 | L59: #TeslaCoInnovation | O59: SustainabilityDrive | P59: SustainabilityDrive | Q59: =(Table1_217[[#This Row],[Likes]]+Table1_217[[#This Row],[Shares]]+Table1_217[[#This Row],[Comments]])/Table1_217[[#This Row],[Impressions]] -> 0.86601942 | R59: =Table1_217[[#This Row],[Likes]]+Table1_217[[#This Row],[Shares]]+Table1_217[[#This Row],[Comments]] -> 892
A60: P059 | B60: Instagram | C60: 45465 | D60: Text | E60: Check out our latest text on instagram! | F60: 2180 | G60: 263 | H60: 387 | I60: 30520 | J60: 30059 | K60: 174 | L60: #EVRevolution | P60: CybertruckLaunch | Q60: =(Table1_217[[#This Row],[Likes]]+Table1_217[[#This Row],[Shares]]+Table1_217[[#This Row],[Comments]])/Table1_217[[#This Row],[Impressions]] -> 0.092726081 | R60: =Table1_217[[#This Row],[Likes]]+Table1_217[[#This Row],[Shares]]+Table1_217[[#This Row],[Comments]] -> 2830
A61: P060 | B61: Instagram | C61: 45685 | D61: Video | E61: Check out our latest video on instagram! | F61: 904 | G61: 973 | H61: 63 | I61: 11752 | J61: 11580 | K61: 84 | L61: #EVRevolution | M61: #TeslaCoInnovation | N61: #AnytimeIsTeslaTime | O61: FSDUpdate | P61: FSDUpdate | Q61: =(Table1_217[[#This Row],[Likes]]+Table1_217[[#This Row],[Shares]]+Table1_217[[#This Row],[Comments]])/Table1_217[[#This Row],[Impressions]] -> 0.16507828 | R61: =Table1_217[[#This Row],[Likes]]+Table1_217[[#This Row],[Shares]]+Table1_217[[#This Row],[Comments]] -> 1940
A62: P061 | B62: Twitter | C62: 45540 | D62: Video | E62: Check out our latest video on twitter! | F62: 4886 | G62: 983 | H62: 409 | I62: 43974 | J62: 43239 | K62: 65 | L62: #TeslaCoInnovation | O62: CybertruckLaunch | P62: CybertruckLaunch | Q62: =(Table1_217[[#This Row],[Likes]]+Table1_217[[#This Row],[Shares]]+Table1_217[[#This Row],[Comments]])/Table1_217[[#This Row],[Impressions]] -> 0.14276618 | R62: =Table1_217[[#This Row],[Likes]]+Table1_217[[#This Row],[Shares]]+Table1_217[[#This Row],[Comments]] -> 6278
A63: P062 | B63: Twitter | C63: 45618 | D63: Carousel | E63: Check out our latest carousel on twitter! | F63: 53 | G63: 81 | H63: 379 | I63: 954 | J63: 7 | K63: 148 | L63: #TeslaCoInnovation | O63: FSDUpdate | P63: FSDUpdate | Q63: =(Table1_217[[#This Row],[Likes]]+Table1_217[[#This Row],[Shares]]+Table1_217[[#This Row],[Comments]])/Table1_217[[#This Row],[Impressions]] -> 0.53773585 | R63: =Table1_217[[#This Row],[Likes]]+Table1_217[[#This Row],[Shares]]+Table1_217[[#This Row],[Comments]] -> 513
A64: P063 | B64: Twitter | C64: 45504 | D64: Carousel | E64: Check out our latest carousel on twitter! | F64: 4507 | G64: 217 | H64: 13 | I64: 90140 | J64: 89591 | K64: 125 | L64: #FutureOfDriving | O64: FSDUpdate | P64: FSDUpdate | Q64: =(Table1_217[[#This Row],[Likes]]+Table1_217[[#This Row],[Shares]]+Table1_217[[#This Row],[Comments]])/Table1_217[[#This Row],[Impressions]] -> 0.052551586 | R64: =Table1_217[[#This Row],[Likes]]+Table1_217[[#This Row],[Shares]]+Table1_217[[#This Row],[Comments]] -> 4737
A65: P064 | B65: Facebook | C65: 45521 | D65: Image | E65: Check out our latest image on facebook! | F65: 2878 | G65: 248 | H65: 416 | I65: 43170 | J65: 42667 | K65: 75 | L65: #FutureOfDriving | O65: FSDUpdate | P65: FSDUpdate | Q65: =(Table1_217[[#This Row],[Likes]]+Table1_217[[#This Row],[Shares]]+Table1_217[[#This Row],[Comments]])/Table1_217[[#This Row],[Impressions]] -> 0.082047718 | R65: =Table1_217[[#This Row],[Likes]]+Table1_217[[#This Row],[Shares]]+Table1_217[[#This Row],[Comments]] -> 3542
A66: P065 | B66: Instagram | C66: 45744 | D66: Story | E66: Check out our latest story on instagram! | F66: 1881 | G66: 501 | H66: 99 | I66: 20691 | J66: 19987 | K66: 289 | L66: #EVRevolution | P66: CybertruckLaunch | Q66: =(Table1_217[[#This Row],[Likes]]+Table1_217[[#This Row],[Shares]]+Table1_217[[#This Row],[Comments]])/Table1_217[[#This Row],[Impressions]] -> 0.11990721 | R66: =Table1_217[[#This Row],[Likes]]+Table1_217[[#This Row],[Shares]]+Table1_217[[#This Row],[Comments]] -> 2481
A67: P066 | B67: Twitter | C67: 45499 | D67: Carousel | E67: Check out our latest carousel on twitter! | F67: 432 | G67: 171 | H67: 280 | I67: 3024 | J67: 2285 | K67: 184 | L67: #EVRevolution | O67: CybertruckLaunch | P67: CybertruckLaunch | Q67: =(Table1_217[[#This Row],[Likes]]+Table1_217[[#This Row],[Shares]]+Table1_217[[#This Row],[Comments]])/Table1_217[[#This Row],[Impressions]] -> 0.29199735 | R67: =Table1_217[[#This Row],[Likes]]+Table1_217[[#This Row],[Shares]]+Table1_217[[#This Row],[Comments]] -> 883
A68: P067 | B68: Facebook | C68: 45745 | D68: Carousel | E68: Check out our latest carousel on facebook! | F68: 4712 | G68: 568 | H68: 127 | I68: 84816 | J68: 84691 | K68: 100 | L68: #EVRevolution | O68: FSDUpdate | P68: FSDUpdate | Q68: =(Table1_217[[#This Row],[Likes]]+Table1_217[[#This Row],[Shares]]+Table1_217[[#This Row],[Comments]])/Table1_217[[#This Row],[Impressions]] -> 0.063749764 | R68: =Table1_217[[#This Row],[Likes]]+Table1_217[[#This Row],[Shares]]+Table1_217[[#This Row],[Comments]] -> 5407
A69: P068 | B69: Instagram | C69: 45634 | D69: Story | E69: Check out our latest story on instagram! | F69: 2610 | G69: 126 | H69: 288 | I69: 15660 | J69: 15145 | K69: 73 | L69: #EVRevolution | P69: CybertruckLaunch | Q69: =(Table1_217[[#This Row],[Likes]]+Table1_217[[#This Row],[Shares]]+Table1_217[[#This Row],[Comments]])/Table1_217[[#This Row],[Impressions]] -> 0.19310345 | R69: =Table1_217[[#This Row],[Likes]]+Table1_217[[#This Row],[Shares]]+Table1_217[[#This Row],[Comments]] -> 3024
A70: P069 | B70: Twitter | C70: 45724 | D70: Text | E70: Check out our latest text on twitter! | F70: 1292 | G70: 626 | H70: 496 | I70: 25840 | J70: 24916 | K70: 149 | L70: #FutureOfDriving | O70: FSDUpdate | P70: FSDUpdate | Q70: =(Table1_217[[#This Row],[Likes]]+Table1_217[[#This Row],[Shares]]+Table1_217[[#This Row],[Comments]])/Table1_217[[#This Row],[Impressions]] -> 0.093421053 | R70: =Table1_217[[#This Row],[Likes]]+Table1_217[[#This Row],[Shares]]+Table1_217[[#This Row],[Comments]] -> 2414
A71: P070 | B71: Facebook | C71: 45749 | D71: Video | E71: Check out our latest video on facebook! | F71: 199 | G71: 772 | H71: 400 | I71: 3582 | J71: 2988 | K71: 43 | L71: #TeslaCoInnovation | P71: ModelYCampaign | Q71: =(Table1_217[[#This Row],[Likes]]+Table1_217[[#This Row],[Shares]]+Table1_217[[#This Row],[Comments]])/Table1_217[[#This Row],[Impressions]] -> 0.38274707 | R71: =Table1_217[[#This Row],[Likes]]+Table1_217[[#This Row],[Shares]]+Table1_217[[#This Row],[Comments]] -> 1371
A72: P071 | B72: YouTube | C72: 45537 | D72: Carousel | E72: Check out our latest carousel on youtube! | F72: 2551 | G72: 915 | H72: 205 | I72: 30612 | J72: 30360 | K72: 227 | L72: #TeslaCoInnovation | O72: ModelYCampaign | P72: ModelYCampaign | Q72: =(Table1_217[[#This Row],[Likes]]+Table1_217[[#This Row],[Shares]]+Table1_217[[#This Row],[Comments]])/Table1_217[[#This Row],[Impressions]] -> 0.11992029 | R72: =Table1_217[[#This Row],[Likes]]+Table1_217[[#This Row],[Shares]]+Table1_217[[#This Row],[Comments]] -> 3671
A73: P072 | B73: YouTube | C73: 45719 | D73: Reel | E73: Check out our latest reel on youtube! | F73: 296 | G73: 60 | H73: 141 | I73: 5624 | J73: 5239 | K73: 88 | L73: #EVRevolution | O73: ModelYCampaign | P73: ModelYCampaign | Q73: =(Table1_217[[#This Row],[Likes]]+Table1_217[[#This Row],[Shares]]+Table1_217[[#This Row],[Comments]])/Table1_217[[#This Row],[Impressions]] -> 0.088371266 | R73: =Table1_217[[#This Row],[Likes]]+Table1_217[[#This Row],[Shares]]+Table1_217[[#This Row],[Comments]] -> 497
A74: P073 | B74: Facebook | C74: 45583 | D74: Story | E74: Check out our latest story on facebook! | F74: 4126 | G74: 426 | H74: 486 | I74: 78394 | J74: 77798 | K74: 88 | L74: #FutureOfDriving | O74: SustainabilityDrive | P74: SustainabilityDrive | Q74: =(Table1_217[[#This Row],[Likes]]+Table1_217[[#This Row],[Shares]]+Table1_217[[#This Row],[Comments]])/Table1_217[[#This Row],[Impressions]] -> 0.064265122 | R74: =Table1_217[[#This Row],[Likes]]+Table1_217[[#This Row],[Shares]]+Table1_217[[#This Row],[Comments]] -> 5038
A75: P074 | B75: YouTube | C75: 45593 | D75: Reel | E75: Check out our latest reel on youtube! | F75: 1855 | G75: 200 | H75: 174 | I75: 16695 | J75: 16330 | K75: 123 | L75: #TeslaCoInnovation | O75: FSDUpdate | P75: FSDUpdate | Q75: =(Table1_217[[#This Row],[Likes]]+Table1_217[[#This Row],[Shares]]+Table1_217[[#This Row],[Comments]])/Table1_217[[#This Row],[Impressions]] -> 0.13351303 | R75: =Table1_217[[#This Row],[Likes]]+Table1_217[[#This Row],[Shares]]+Table1_217[[#This Row],[Comments]] -> 2229
A76: P075 | B76: Instagram | C76: 45505 | D76: Reel | E76: Check out our latest reel on instagram! | F76: 1674 | G76: 929 | H76: 37 | I76: 21762 | J76: 20998 | K76: 255 | L76: #TeslaCoInnovation | O76: SustainabilityDrive | P76: SustainabilityDrive | Q76: =(Table1_217[[#This Row],[Likes]]+Table1_217[[#This Row],[Shares]]+Table1_217[[#This Row],[Comments]])/Table1_217[[#This Row],[Impressions]] -> 0.12131238 | R76: =Table1_217[[#This Row],[Likes]]+Table1_217[[#This Row],[Shares]]+Table1_217[[#This Row],[Comments]] -> 2640
A77: P076 | B77: Twitter | C77: 45603 | D77: Story | E77: Check out our latest story on twitter! | F77: 1121 | G77: 135 | H77: 18 | I77: 15694 | J77: 14957 | K77: 99 | L77: #TeslaCoInnovation | O77: SustainabilityDrive | P77: SustainabilityDrive | Q77: =(Table1_217[[#This Row],[Likes]]+Table1_217[[#This Row],[Shares]]+Table1_217[[#This Row],[Comments]])/Table1_217[[#This Row],[Impressions]] -> 0.08117752 | R77: =Table1_217[[#This Row],[Likes]]+Table1_217[[#This Row],[Shares]]+Table1_217[[#This Row],[Comments]] -> 1274
A78: P077 | B78: Facebook | C78: 45720 | D78: Story | E78: Check out our latest story on facebook! | F78: 1249 | G78: 116 | H78: 420 | I78: 8743 | J78: 8538 | K78: 63 | L78: #TeslaCoInnovation | P78: ModelYCampaign | Q78: =(Table1_217[[#This Row],[Likes]]+Table1_217[[#This Row],[Shares]]+Table1_217[[#This Row],[Comments]])/Table1_217[[#This Row],[Impressions]] -> 0.20416333 | R78: =Table1_217[[#This Row],[Likes]]+Table1_217[[#This Row],[Shares]]+Table1_217[[#This Row],[Comments]] -> 1785
A79: P078 | B79: Twitter | C79: 45460 | D79: Image | E79: Check out our latest image on twitter! | F79: 954 | G79: 324 | H79: 288 | I79: 19080 | J79: 18859 | K79: 21 | L79: #FutureOfDriving | O79: SustainabilityDrive | P79: SustainabilityDrive | Q79: =(Table1_217[[#This Row],[Likes]]+Table1_217[[#This Row],[Shares]]+Table1_217[[#This Row],[Comments]])/Table1_217[[#This Row],[Impressions]] -> 0.082075472 | R79: =Table1_217[[#This Row],[Likes]]+Table1_217[[#This Row],[Shares]]+Table1_217[[#This Row],[Comments]] -> 1566
A80: P079 | B80: Instagram | C80: 45574 | D80: Carousel | E80: Check out our latest carousel on instagram! | F80: 3068 | G80: 137 | H80: 329 | I80: 39884 | J80: 39404 | K80: 266 | L80: #EVRevolution | O80: ModelYCampaign | P80: ModelYCampaign | Q80: =(Table1_217[[#This Row],[Likes]]+Table1_217[[#This Row],[Shares]]+Table1_217[[#This Row],[Comments]])/Table1_217[[#This Row],[Impressions]] -> 0.08860696 | R80: =Table1_217[[#This Row],[Likes]]+Table1_217[[#This Row],[Shares]]+Table1_217[[#This Row],[Comments]] -> 3534
A81: P080 | B81: Instagram | C81: 45456 | D81: Story | E81: Check out our latest story on instagram! | F81: 2103 | G81: 892 | H81: 103 | I81: 39957 | J81: 39466 | K81: 28 | L81: #FutureOfDriving | P81: SustainabilityDrive | Q81: =(Table1_217[[#This Row],[Likes]]+Table1_217[[#This Row],[Shares]]+Table1_217[[#This Row],[Comments]])/Table1_217[[#This Row],[Impressions]] -> 0.077533348 | R81: =Table1_217[[#This Row],[Likes]]+Table1_217[[#This Row],[Shares]]+Table1_217[[#This Row],[Comments]] -> 3098
A82: P081 | B82: Instagram | C82: 45584 | D82: Story | E82: Check out our latest story on instagram! | F82: 1816 | G82: 29 | H82: 41 | I82: 19976 | J82: 19262 | K82: 283 | L82: #TeslaCoInnovation | O82: FSDUpdate | P82: FSDUpdate | Q82: =(Table1_217[[#This Row],[Likes]]+Table1_217[[#This Row],[Shares]]+Table1_217[[#This Row],[Comments]])/Table1_217[[#This Row],[Impressions]] -> 0.094413296 | R82: =Table1_217[[#This Row],[Likes]]+Table1_217[[#This Row],[Shares]]+Table1_217[[#This Row],[Comments]] -> 1886
A83: P082 | B83: Instagram | C83: 45497 | D83: Image | E83: Check out our latest image on instagram! | F83: 725 | G83: 88 | H83: 428 | I83: 14500 | J83: 13637 | K83: 200 | L83: #FutureOfDriving | M83: #TeslaCoInnovation | N83: #AnytimeIsTeslaTime | O83: FSDUpdate | P83: FSDUpdate | Q83: =(Table1_217[[#This Row],[Likes]]+Table1_217[[#This Row],[Shares]]+Table1_217[[#This Row],[Comments]])/Table1_217[[#This Row],[Impressions]] -> 0.085586207 | R83: =Table1_217[[#This Row],[Likes]]+Table1_217[[#This Row],[Shares]]+Table1_217[[#This Row],[Comments]] -> 1241
A84: P083 | B84: YouTube | C84: 45580 | D84: Video | E84: Check out our latest video on youtube! | F84: 1094 | G84: 472 | H84: 21 | I84: 9846 | J84: 9609 | K84: 112 | L84: #EVRevolution | P84: CybertruckLaunch | Q84: =(Table1_217[[#This Row],[Likes]]+Table1_217[[#This Row],[Shares]]+Table1_217[[#This Row],[Comments]])/Table1_217[[#This Row],[Impressions]] -> 0.16118221 | R84: =Table1_217[[#This Row],[Likes]]+Table1_217[[#This Row],[Shares]]+Table1_217[[#This Row],[Comments]] -> 1587
A85: P084 | B85: Facebook | C85: 45635 | D85: Image | E85: Check out our latest image on facebook! | F85: 1841 | G85: 851 | H85: 342 | I85: 34979 | J85: 34154 | K85: 255 | L85: #FutureOfDriving | O85: SustainabilityDrive | P85: SustainabilityDrive | Q85: =(Table1_217[[#This Row],[Likes]]+Table1_217[[#This Row],[Shares]]+Table1_217[[#This Row],[Comments]])/Table1_217[[#This Row],[Impressions]] -> 0.086737757 | R85: =Table1_217[[#This Row],[Likes]]+Table1_217[[#This Row],[Shares]]+Table1_217[[#This Row],[Comments]] -> 3034
A86: P085 | B86: Instagram | C86: 45766 | D86: Image | E86: Check out our latest image on instagram! | F86: 4177 | G86: 569 | H86: 55 | I86: 25062 | J86: 24847 | K86: 230 | L86: #FutureOfDriving | O86: CybertruckLaunch | P86: CybertruckLaunch | Q86: =(Table1_217[[#This Row],[Likes]]+Table1_217[[#This Row],[Shares]]+Table1_217[[#This Row],[Comments]])/Table1_217[[#This Row],[Impressions]] -> 0.19156492 | R86: =Table1_217[[#This Row],[Likes]]+Table1_217[[#This Row],[Shares]]+Table1_217[[#This Row],[Comments]] -> 4801
A87: P086 | B87: YouTube | C87: 45684 | D87: Text | E87: Check out our latest text on youtube! | F87: 3428 | G87: 305 | H87: 85 | I87: 58276 | J87: 58052 | K87: 242 | L87: #EVRevolution | M87: #BetterWithTesla | O87: SustainabilityDrive | P87: SustainabilityDrive | Q87: =(Table1_217[[#This Row],[Likes]]+Table1_217[[#This Row],[Shares]]+Table1_217[[#This Row],[Comments]])/Table1_217[[#This Row],[Impressions]] -> 0.065515821 | R87: =Table1_217[[#This Row],[Likes]]+Table1_217[[#This Row],[Shares]]+Table1_217[[#This Row],[Comments]] -> 3818
A88: P087 | B88: Twitter | C88: 45449 | D88: Video | E88: Check out our latest video on twitter! | F88: 1436 | G88: 765 | H88: 496 | I88: 12924 | J88: 12701 | K88: 197 | L88: #FutureOfDriving | O88: FSDUpdate | P88: FSDUpdate | Q88: =(Table1_217[[#This Row],[Likes]]+Table1_217[[#This Row],[Shares]]+Table1_217[[#This Row],[Comments]])/Table1_217[[#This Row],[Impressions]] -> 0.20868152 | R88: =Table1_217[[#This Row],[Likes]]+Table1_217[[#This Row],[Shares]]+Table1_217[[#This Row],[Comments]] -> 2697
A89: P088 | B89: Facebook | C89: 45480 | D89: Story | E89: Check out our latest story on facebook! | F89: 302 | G89: 47 | H89: 430 | I89: 5738 | J89: 4890 | K89: 25 | L89: #TeslaCoInnovation | O89: SustainabilityDrive | P89: SustainabilityDrive | Q89: =(Table1_217[[#This Row],[Likes]]+Table1_217[[#This Row],[Shares]]+Table1_217[[#This Row],[Comments]])/Table1_217[[#This Row],[Impressions]] -> 0.13576159 | R89: =Table1_217[[#This Row],[Likes]]+Table1_217[[#This Row],[Shares]]+Table1_217[[#This Row],[Comments]] -> 779
A90: P089 | B90: Twitter | C90: 45667 | D90: Image | E90: Check out our latest image on twitter! | F90: 2214 | G90: 249 | H90: 152 | I90: 15498 | J90: 14800 | K90: 180 | L90: #EVRevolution | P90: CybertruckLaunch | Q90: =(Table1_217[[#This Row],[Likes]]+Table1_217[[#This Row],[Shares]]+Table1_217[[#This Row],[Comments]])/Table1_217[[#This Row],[Impressions]] -> 0.16873145 | R90: =Table1_217[[#This Row],[Likes]]+Table1_217[[#This Row],[Shares]]+Table1_217[[#This Row],[Comments]] -> 2615
A91: P090 | B91: Instagram | C91: 45446 | D91: Image | E91: Check out our latest image on instagram! | F91: 3861 | G91: 960 | H91: 101 | I91: 69498 | J91: 68817 | K91: 297 | L91: #TeslaCoInnovation | O91: SustainabilityDrive | P91: SustainabilityDrive | Q91: =(Table1_217[[#This Row],[Likes]]+Table1_217[[#This Row],[Shares]]+Table1_217[[#This Row],[Comments]])/Table1_217[[#This Row],[Impressions]] -> 0.070822182 | R91: =Table1_217[[#This Row],[Likes]]+Table1_217[[#This Row],[Shares]]+Table1_217[[#This Row],[Comments]] -> 4922
A92: P091 | B92: Facebook | C92: 45740 | D92: Image | E92: Check out our latest image on facebook! | F92: 1263 | G92: 397 | H92: 357 | I92: 25260 | J92: 24615 | K92: 137 | L92: #EVRevolution | O92: SustainabilityDrive | P92: SustainabilityDrive | Q92: =(Table1_217[[#This Row],[Likes]]+Table1_217[[#This Row],[Shares]]+Table1_217[[#This Row],[Comments]])/Table1_217[[#This Row],[Impressions]] -> 0.079849565 | R92: =Table1_217[[#This Row],[Likes]]+Table1_217[[#This Row],[Shares]]+Table1_217[[#This Row],[Comments]] -> 2017
A93: P092 | B93: Twitter | C93: 45586 | D93: Story | E93: Check out our latest story on twitter! | F93: 3801 | G93: 967 | H93: 401 | I93: 38010 | J93: 37625 | K93: 236 | L93: #FutureOfDriving | O93: FSDUpdate | P93: FSDUpdate | Q93: =(Table1_217[[#This Row],[Likes]]+Table1_217[[#This Row],[Shares]]+Table1_217[[#This Row],[Comments]])/Table1_217[[#This Row],[Impressions]] -> 0.13599053 | R93: =Table1_217[[#This Row],[Likes]]+Table1_217[[#This Row],[Shares]]+Table1_217[[#This Row],[Comments]] -> 5169
A94: P093 | B94: Instagram | C94: 45637 | D94: Video | E94: Check out our latest video on instagram! | F94: 1431 | G94: 951 | H94: 26 | I94: 8586 | J94: 8396 | K94: 150 | L94: #EVRevolution | O94: FSDUpdate | P94: FSDUpdate | Q94: =(Table1_217[[#This Row],[Likes]]+Table1_217[[#This Row],[Shares]]+Table1_217[[#This Row],[Comments]])/Table1_217[[#This Row],[Impressions]] -> 0.28045656 | R94: =Table1_217[[#This Row],[Likes]]+Table1_217[[#This Row],[Shares]]+Table1_217[[#This Row],[Comments]] -> 2408
A95: P094 | B95: Instagram | C95: 45603 | D95: Image | E95: Check out our latest image on instagram! | F95: 2647 | G95: 304 | H95: 170 | I95: 18529 | J95: 17841 | K95: 46 | L95: #FutureOfDriving | O95: FSDUpdate | P95: FSDUpdate | Q95: =(Table1_217[[#This Row],[Likes]]+Table1_217[[#This Row],[Shares]]+Table1_217[[#This Row],[Comments]])/Table1_217[[#This Row],[Impressions]] -> 0.16843866 | R95: =Table1_217[[#This Row],[Likes]]+Table1_217[[#This Row],[Shares]]+Table1_217[[#This Row],[Comments]] -> 3121
A96: P095 | B96: Instagram | C96: 45604 | D96: Text | E96: Check out our latest text on instagram! | F96: 3182 | G96: 559 | H96: 160 | I96: 57276 | J96: 56890 | K96: 163 | L96: #FutureOfDriving | O96: SustainabilityDrive | P96: SustainabilityDrive | Q96: =(Table1_217[[#This Row],[Likes]]+Table1_217[[#This Row],[Shares]]+Table1_217[[#This Row],[Comments]])/Table1_217[[#This Row],[Impressions]] -> 0.068108806 | R96: =Table1_217[[#This Row],[Likes]]+Table1_217[[#This Row],[Shares]]+Table1_217[[#This Row],[Comments]] -> 3901
A97: P096 | B97: Twitter | C97: 45545 | D97: Image | E97: Check out our latest image on twitter! | F97: 1238 | G97: 366 | H97: 444 | I97: 19808 | J97: 19334 | K97: 123 | L97: #FutureOfDriving | P97: SustainabilityDrive | Q97: =(Table1_217[[#This Row],[Likes]]+Table1_217[[#This Row],[Shares]]+Table1_217[[#This Row],[Comments]])/Table1_217[[#This Row],[Impressions]] -> 0.10339257 | R97: =Table1_217[[#This Row],[Likes]]+Table1_217[[#This Row],[Shares]]+Table1_217[[#This Row],[Comments]] -> 2048
A98: P097 | B98: Instagram | C98: 45517 | D98: Image | E98: Check out our latest image on instagram! | F98: 4739 | G98: 527 | H98: 135 | I98: 61607 | J98: 61333 | K98: 36 | L98: #TeslaCoInnovation | M98: #AnytimeIsTeslaTime | O98: ModelYCampaign | P98: ModelYCampaign | Q98: =(Table1_217[[#This Row],[Likes]]+Table1_217[[#This Row],[Shares]]+Table1_217[[#This Row],[Comments]])/Table1_217[[#This Row],[Impressions]] -> 0.087668609 | R98: =Table1_217[[#This Row],[Likes]]+Table1_217[[#This Row],[Shares]]+Table1_217[[#This Row],[Comments]] -> 5401
A99: P098 | B99: Twitter | C99: 45453 | D99: Story | E99: Check out our latest story on twitter! | F99: 1575 | G99: 771 | H99: 486 | I99: 25200 | J99: 24826 | K99: 17 | L99: #FutureOfDriving | O99: SustainabilityDrive | P99: SustainabilityDrive | Q99: =(Table1_217[[#This Row],[Likes]]+Table1_217[[#This Row],[Shares]]+Table1_217[[#This Row],[Comments]])/Table1_217[[#This Row],[Impressions]] -> 0.11238095 | R99: =Table1_217[[#This Row],[Likes]]+Table1_217[[#This Row],[Shares]]+Table1_217[[#This Row],[Comments]] -> 2832
A100: P099 | B100: YouTube | C100: 45475 | D100: Carousel | E100: Check out our latest carousel on youtube! | F100: 4171 | G100: 548 | H100: 86 | I100: 66736 | J100: 66634 | K100: 173 | L100: #FutureOfDriving | O100: FSDUpdate | P100: FSDUpdate | Q100: =(Table1_217[[#This Row],[Likes]]+Table1_217[[#This Row],[Shares]]+Table1_217[[#This Row],[Comments]])/Table1_217[[#This Row],[Impressions]] -> 0.07200012 | R100: =Table1_217[[#This Row],[Likes]]+Table1_217[[#This Row],[Shares]]+Table1_217[[#This Row],[Comments]] -> 4805
...

Sheet Task 4.2
A1: Post ID | B1: Platform | C1: Date | D1: Content Type | E1: Post Text | F1: Likes | G1: Shares | H1: Comments | I1: Impressions | J1: Reach | K1: Clicks | L1: Campaign_Name_Filled | M1: Engagement Rate | N1: Hastag
A2: P001 | B2: Twitter | C2: 45649 | D2: Reel | E2: Check out our latest reel on twitter! | F2: 1461 | G2: 184 | H2: 344 | I2: 21915 | J2: 21675 | K2: 15 | L2: CybertruckLaunch | M2: 0.090759754 | N2: #FutureOfDriving | P2: Hastag | Q2: Average of Engagement Rate
A3: P001 | B3: Twitter | C3: 45649 | D3: Reel | E3: Check out our latest reel on twitter! | F3: 1461 | G3: 184 | H3: 344 | I3: 21915 | J3: 21675 | K3: 15 | L3: CybertruckLaunch | M3: 0.090759754 | N3: #AnytimeIsTeslaTime | P3: #AnytimeIsTeslaTime | Q3: 0.11636074
A4: P002 | B4: Twitter | C4: 45750 | D4: Text | E4: Check out our latest text on twitter! | F4: 4054 | G4: 389 | H4: 493 | I4: 64864 | J4: 64383 | K4: 117 | L4: ModelYCampaign | M4: 0.076097681 | N4: #TeslaCoInnovation | P4: #BetterWithTesla | Q4: 0.12589595
A5: P002 | B5: Twitter | C5: 45750 | D5: Text | E5: Check out our latest text on twitter! | F5: 4054 | G5: 389 | H5: 493 | I5: 64864 | J5: 64383 | K5: 117 | L5: ModelYCampaign | M5: 0.076097681 | N5: #BetterWithTesla | P5: #EVRevolution | Q5: 0.15386133
A6: P003 | B6: YouTube | C6: 45789 | D6: Reel | E6: Check out our latest reel on youtube! | F6: 2795 | G6: 105 | H6: 49 | I6: 53105 | J6: 52307 | K6: 204 | L6: FSDUpdate | M6: 0.055531494 | N6: #TeslaCoInnovation | P6: #FutureOfDriving | Q6: 0.14123247
A7: P004 | B7: Instagram | C7: 45516 | D7: Story | E7: Check out our latest story on instagram! | F7: 2404 | G7: 363 | H7: 138 | I7: 19232 | J7: 18636 | K7: 128 | L7: SustainabilityDrive | M7: 0.15105033 | N7: #EVRevolution | P7: #SmoothLikeNitroTesla | Q7: 0.11481754
A8: P005 | B8: YouTube | C8: 45469 | D8: Reel | E8: Check out our latest reel on youtube! | F8: 3557 | G8: 687 | H8: 424 | I8: 71140 | J8: 70701 | K8: 224 | L8: CybertruckLaunch | M8: 0.065617093 | N8: #EVRevolution | P8: #TeslaCoInnovation | Q8: 0.14515321
A9: P005 | B9: YouTube | C9: 45469 | D9: Reel | E9: Check out our latest reel on youtube! | F9: 3557 | G9: 687 | H9: 424 | I9: 71140 | J9: 70701 | K9: 224 | L9: CybertruckLaunch | M9: 0.065617093 | N9: #TeslaCoInnovation | P9: Grand Total | Q9: 0.14446302
A10: P006 | B10: Facebook | C10: 45596 | D10: Carousel | E10: Check out our latest carousel on facebook! | F10: 2945 | G10: 930 | H10: 355 | I10: 23560 | J10: 23275 | K10: 256 | L10: ModelYCampaign | M10: 0.1795416 | N10: #TeslaCoInnovation
A11: P007 | B11: Twitter | C11: 45467 | D11: Carousel | E11: Check out our latest carousel on twitter! | F11: 3860 | G11: 201 | H11: 279 | I11: 61760 | J11: 61660 | K11: 235 | L11: ModelYCampaign | M11: 0.070272021 | N11: #TeslaCoInnovation
A12: P008 | B12: YouTube | C12: 45486 | D12: Image | E12: Check out our latest image on youtube! | F12: 3929 | G12: 262 | H12: 278 | I12: 43219 | J12: 42841 | K12: 39 | L12: SustainabilityDrive | M12: 0.1034036 | N12: #EVRevolution
A13: P009 | B13: Facebook | C13: 45534 | D13: Text | E13: Check out our latest text on facebook! | F13: 3784 | G13: 808 | H13: 404 | I13: 56760 | J13: 56343 | K13: 131 | L13: ModelYCampaign | M13: 0.088019732 | N13: #TeslaCoInnovation
A14: P010 | B14: Facebook | C14: 45727 | D14: Image | E14: Check out our latest image on facebook! | F14: 4241 | G14: 902 | H14: 47 | I14: 72097 | J14: 71598 | K14: 167 | L14: ModelYCampaign | M14: 0.071986352 | N14: #TeslaCoInnovation | P14: Average of Engagement Rate | Q14: Column Labels
A15: P011 | B15: Instagram | C15: 45690 | D15: Story | E15: Check out our latest story on instagram! | F15: 1792 | G15: 614 | H15: 497 | I15: 25088 | J15: 24675 | K15: 65 | L15: SustainabilityDrive | M15: 0.11571269 | N15: #FutureOfDriving | P15: Content type | Q15: Facebook | R15: Instagram | S15: Twitter | T15: YouTube | U15: Grand Total
A16: P012 | B16: Facebook | C16: 45494 | D16: Reel | E16: Check out our latest reel on facebook! | F16: 1946 | G16: 686 | H16: 377 | I16: 23352 | J16: 22982 | K16: 213 | L16: FSDUpdate | M16: 0.12885406 | N16: #FutureOfDriving | P16: Carousel | Q16: 0.1182059 | R16: 0.14358583 | S16: 0.14537055 | T16: 0.19045606 | U16: 0.14726326
A17: P013 | B17: YouTube | C17: 45614 | D17: Carousel | E17: Check out our latest carousel on youtube! | F17: 1171 | G17: 286 | H17: 231 | I17: 22249 | J17: 21282 | K17: 114 | L17: CybertruckLaunch | M17: 0.075868578 | N17: #EVRevolution | P17: Image | Q17: 0.11745425 | R17: 0.13475594 | S17: 0.14530583 | T17: 0.15035568 | U17: 0.13320105
A18: P014 | B18: Facebook | C18: 45704 | D18: Story | E18: Check out our latest story on facebook! | F18: 4242 | G18: 555 | H18: 131 | I18: 33936 | J18: 33802 | K18: 265 | L18: SustainabilityDrive | M18: 0.14521452 | N18: #FutureOfDriving | P18: Reel | Q18: 0.1098686 | R18: 0.26004033 | S18: 0.12148739 | T18: 0.12032962 | U18: 0.15209713
A19: P015 | B19: Facebook | C19: 45589 | D19: Video | E19: Check out our latest video on facebook! | F19: 3888 | G19: 604 | H19: 128 | I19: 77760 | J19: 77167 | K19: 20 | L19: CybertruckLaunch | M19: 0.05941358 | N19: #FutureOfDriving | P19: Story | Q19: 0.15898978 | R19: 0.22896901 | S19: 0.18859717 | T19: 0.09496533 | U19: 0.18023669
A20: P016 | B20: Facebook | C20: 45530 | D20: Text | E20: Check out our latest text on facebook! | F20: 3452 | G20: 377 | H20: 360 | I20: 55232 | J20: 55075 | K20: 87 | L20: FSDUpdate | M20: 0.075843714 | N20: #FutureOfDriving | P20: Text | Q20: 0.11119518 | R20: 0.12920449 | S20: 0.11715706 | T20: 0.11358051 | U20: 0.11693454
A21: P017 | B21: Facebook | C21: 45782 | D21: Text | E21: Check out our latest text on facebook! | F21: 4441 | G21: 511 | H21: 70 | I21: 53292 | J21: 53082 | K21: 159 | L21: SustainabilityDrive | M21: 0.094235533 | N21: #EVRevolution | P21: Video | Q21: 0.12378368 | R21: 0.20035942 | S21: 0.11228207 | T21: 0.12194863 | U21: 0.14098987
A22: P018 | B22: Instagram | C22: 45523 | D22: Reel | E22: Check out our latest reel on instagram! | F22: 3000 | G22: 382 | H22: 325 | I22: 36000 | J22: 35819 | K22: 19 | L22: CybertruckLaunch | M22: 0.10297222 | N22: #FutureOfDriving | P22: Grand Total | Q22: 0.12094203 | R22: 0.18531785 | S22: 0.13739369 | T22: 0.13298735 | U22: 0.14446302
A23: P019 | B23: Instagram | C23: 45466 | D23: Video | E23: Check out our latest video on instagram! | F23: 1071 | G23: 519 | H23: 22 | I23: 16065 | J23: 15865 | K23: 103 | L23: SustainabilityDrive | M23: 0.10034236 | N23: #TeslaCoInnovation
A24: P020 | B24: Instagram | C24: 45544 | D24: Carousel | E24: Check out our latest carousel on instagram! | F24: 4054 | G24: 488 | H24: 373 | I24: 77026 | J24: 76881 | K24: 25 | L24: CybertruckLaunch | M24: 0.063809623 | N24: #TeslaCoInnovation
A25: P021 | B25: Instagram | C25: 45661 | D25: Reel | E25: Check out our latest reel on instagram! | F25: 4838 | G25: 640 | H25: 128 | I25: 72570 | J25: 72396 | K25: 83 | L25: SustainabilityDrive | M25: 0.077249552 | N25: #FutureOfDriving
A26: P022 | B26: Facebook | C26: 45715 | D26: Text | E26: Check out our latest text on facebook! | F26: 1570 | G26: 187 | H26: 260 | I26: 25120 | J26: 24613 | K26: 133 | L26: SustainabilityDrive | M26: 0.080294586 | N26: #TeslaCoInnovation
A27: P023 | B27: Facebook | C27: 45602 | D27: Video | E27: Check out our latest video on facebook! | F27: 1606 | G27: 547 | H27: 316 | I27: 32120 | J27: 31736 | K27: 225 | L27: ModelYCampaign | M27: 0.076867995 | N27: #TeslaCoInnovation
A28: P023 | B28: Facebook | C28: 45602 | D28: Video | E28: Check out our latest video on facebook! | F28: 1606 | G28: 547 | H28: 316 | I28: 32120 | J28: 31736 | K28: 225 | L28: ModelYCampaign | M28: 0.076867995 | N28: #AnytimeIsTeslaTime
A29: P024 | B29: Facebook | C29: 45680 | D29: Video | E29: Check out our latest video on facebook! | F29: 3961 | G29: 761 | H29: 131 | I29: 67337 | J29: 66615 | K29: 161 | L29: FSDUpdate | M29: 0.072070333 | N29: #FutureOfDriving
A30: P025 | B30: Twitter | C30: 45757 | D30: Carousel | E30: Check out our latest carousel on twitter! | F30: 3128 | G30: 211 | H30: 197 | I30: 59432 | J30: 59182 | K30: 238 | L30: CybertruckLaunch | M30: 0.059496568 | N30: #EVRevolution
A31: P026 | B31: YouTube | C31: 45752 | D31: Reel | E31: Check out our latest reel on youtube! | F31: 3009 | G31: 413 | H31: 358 | I31: 42126 | J31: 41309 | K31: 211 | L31: ModelYCampaign | M31: 0.089730808 | N31: #FutureOfDriving
A32: P027 | B32: YouTube | C32: 45552 | D32: Text | E32: Check out our latest text on youtube! | F32: 2076 | G32: 195 | H32: 104 | I32: 33216 | J32: 32244 | K32: 51 | L32: SustainabilityDrive | M32: 0.071501686 | N32: #FutureOfDriving
A33: P028 | B33: Instagram | C33: 45720 | D33: Video | E33: Check out our latest video on instagram! | F33: 432 | G33: 624 | H33: 123 | I33: 6912 | J33: 6259 | K33: 79 | L33: SustainabilityDrive | M33: 0.17057292 | N33: #FutureOfDriving
A34: P029 | B34: Instagram | C34: 45688 | D34: Carousel | E34: Check out our latest carousel on instagram! | F34: 2566 | G34: 118 | H34: 37 | I34: 12830 | J34: 12264 | K34: 221 | L34: FSDUpdate | M34: 0.21208106 | N34: #FutureOfDriving
... A340: P300 | B340: Twitter | C340: 45535 | D340: Carousel | E340: Check out our latest carousel on twitter! | F340: 4494 | G340: 717 | H340: 45 | I340: 62916 | J340: 62688 | K340: 191 | L340: CybertruckLaunch | M340: 0.083539958 | N340: #BetterWithTesla

Sheet Task 4
A1: Hashtags Used
A2: #EVRevolution
A3: #TeslaCoInnovation
A4: #EVRevolution
A5: #TeslaCoInnovation
A6: #FutureOfDriving
A7: #TeslaCoInnovation
A8: #TeslaCoInnovation
A9: #TeslaCoInnovation
A10: #FutureOfDriving
A11: #TeslaCoInnovation
A12: #FutureOfDriving
... A815: #BetterWithTesla

Sheet Task 3
A3: Platform | B3: Average of Engagement Rate | D3: Platform | E3: Average of Follower Growth Rate | G3: Row Labels | H3: Average of Engagement_Rate | I3: Sum of Ad_Spend
A4: Instagram | B4: 0.19329258 | D4: Facebook | E4: 0.0054649907 | G4: Facebook | H4: 5.6486 | I4: 1379539
A5: Twitter | B5: 0.14368407 | D5: Instagram | E5: 0.0057625321 | G5: Instagram | H5: 5.7156 | I5: 1164373
A6: YouTube | B6: 0.13118494 | D6: Twitter | E6: 0.0092800257 | G6: Twitter | H6: 5.6558 | I6: 1060357
A7: Facebook | B7: 0.1219729 | D7: YouTube | E7: 0.0090210666 | G7: YouTube | H7: 5.5588 | I7: 1228647
A8: Grand Total | B8: 0.14828272 | D8: Grand Total | E8: 0.0073821538 | G8: Grand Total | H8: 5.6447 | I8: 4832916

Sheet Task2.3.2
A1: Post ID | B1: Platform | C1: Date | D1: Content Type | E1: Post Text | F1: Likes | G1: Shares | H1: Comments | I1: Impressions | J1: Reach | K1: Clicks | L1: Campaign_Name_Filled | M1: Engagement Rate | N1: Attribute | O1: Hastag
A2: P001 | B2: Twitter | C2: 45649 | D2: Reel | E2: Check out our latest reel on twitter! | F2: 1461 | G2: 184 | H2: 344 | I2: 21915 | J2: 21675 | K2: 15 | L2: CybertruckLaunch | M2: 0.090759754 | N2: Hashtags Used.1 | O2: #FutureOfDriving
A3: P001 | B3: Twitter | C3: 45649 | D3: Reel | E3: Check out our latest reel on twitter! | F3: 1461 | G3: 184 | H3: 344 | I3: 21915 | J3: 21675 | K3: 15 | L3: CybertruckLaunch | M3: 0.090759754 | N3: Hashtags Used.2 | O3: #AnytimeIsTeslaTime | Q3: Row Labels | R3: Average of Clicks
A4: P002 | B4: Twitter | C4: 45750 | D4: Text | E4: Check out our latest text on twitter! | F4: 4054 | G4: 389 | H4: 493 | I4: 64864 | J4: 64383 | K4: 117 | L4: ModelYCampaign | M4: 0.076097681 | N4: Hashtags Used.1 | O4: #TeslaCoInnovation | Q4: #AnytimeIsTeslaTime | R4: 161.2
A5: P002 | B5: Twitter | C5: 45750 | D5: Text | E5: Check out our latest text on twitter! | F5: 4054 | G5: 389 | H5: 493 | I5: 64864 | J5: 64383 | K5: 117 | L5: ModelYCampaign | M5: 0.076097681 | N5: Hashtags Used.2 | O5: #BetterWithTesla | Q5: #BetterWithTesla | R5: 114.85714
A6: P003 | B6: YouTube | C6: 45789 | D6: Reel | E6: Check out our latest reel on youtube! | F6: 2795 | G6: 105 | H6: 49 | I6: 53105 | J6: 52307 | K6: 204 | L6: FSDUpdate | M6: 0.055531494 | N6: Hashtags Used.1 | O6: #TeslaCoInnovation | Q6: #EVRevolution | R6: 151.52941
A7: P004 | B7: Instagram | C7: 45516 | D7: Story | E7: Check out our latest story on instagram! | F7: 2404 | G7: 363 | H7: 138 | I7: 19232 | J7: 18636 | K7: 128 | L7: SustainabilityDrive | M7: 0.15105033 | N7: Hashtags Used.1 | O7: #EVRevolution | Q7: #FutureOfDriving | R7: 144.03883
A8: P005 | B8: YouTube | C8: 45469 | D8: Reel | E8: Check out our latest reel on youtube! | F8: 3557 | G8: 687 | H8: 424 | I8: 71140 | J8: 70701 | K8: 224 | L8: CybertruckLaunch | M8: 0.065617093 | N8: Hashtags Used.1 | O8: #EVRevolution | Q8: #SmoothLikeNitroTesla | R8: 111.8
A9: P005 | B9: YouTube | C9: 45469 | D9: Reel | E9: Check out our latest reel on youtube! | F9: 3557 | G9: 687 | H9: 424 | I9: 71140 | J9: 70701 | K9: 224 | L9: CybertruckLaunch | M9: 0.065617093 | N9: Hashtags Used.2 | O9: #TeslaCoInnovation | Q9: #TeslaCoInnovation | R9: 158.65421
A10: P006 | B10: Facebook | C10: 45596 | D10: Carousel | E10: Check out our latest carousel on facebook! | F10: 2945 | G10: 930 | H10: 355 | I10: 23560 | J10: 23275 | K10: 256 | L10: ModelYCampaign | M10: 0.1795416 | N10: Hashtags Used.1 | O10: #TeslaCoInnovation | Q10: Grand Total | R10: 150.58702
A11: P007 | B11: Twitter | C11: 45467 | D11: Carousel | E11: Check out our latest carousel on twitter! | F11: 3860 | G11: 201 | H11: 279 | I11: 61760 | J11: 61660 | K11: 235 | L11: ModelYCampaign | M11: 0.070272021 | N11: Hashtags Used.1 | O11: #TeslaCoInnovation
A12: P008 | B12: YouTube | C12: 45486 | D12: Image | E12: Check out our latest image on youtube! | F12: 3929 | G12: 262 | H12: 278 | I12: 43219 | J12: 42841 | K12: 39 | L12: SustainabilityDrive | M12: 0.1034036 | N12: Hashtags Used.1 | O12: #EVRevolution
A13: P009 | B13: Facebook | C13: 45534 | D13: Text | E13: Check out our latest text on facebook! | F13: 3784 | G13: 808 | H13: 404 | I13: 56760 | J13: 56343 | K13: 131 | L13: ModelYCampaign | M13: 0.088019732 | N13: Hashtags Used.1 | O13: #TeslaCoInnovation
A14: P010 | B14: Facebook | C14: 45727 | D14: Image | E14: Check out our latest image on facebook! | F14: 4241 | G14: 902 | H14: 47 | I14: 72097 | J14: 71598 | K14: 167 | L14: ModelYCampaign | M14: 0.071986352 | N14: Hashtags Used.1 | O14: #TeslaCoInnovation
A15: P011 | B15: Instagram | C15: 45690 | D15: Story | E15: Check out our latest story on instagram! | F15: 1792 | G15: 614 | H15: 497 | I15: 25088 | J15: 24675 | K15: 65 | L15: SustainabilityDrive | M15: 0.11571269 | N15: Hashtags Used.1 | O15: #FutureOfDriving
A16: P012 | B16: Facebook | C16: 45494 | D16: Reel | E16: Check out our latest reel on facebook! | F16: 1946 | G16: 686 | H16: 377 | I16: 23352 | J16: 22982 | K16: 213 | L16: FSDUpdate | M16: 0.12885406 | N16: Hashtags Used.1 | O16: #FutureOfDriving
A17: P013 | B17: YouTube | C17: 45614 | D17: Carousel | E17: Check out our latest carousel on youtube! | F17: 1171 | G17: 286 | H17: 231 | I17: 22249 | J17: 21282 | K17: 114 | L17: CybertruckLaunch | M17: 0.075868578 | N17: Hashtags Used.1 | O17: #EVRevolution
A18: P014 | B18: Facebook | C18: 45704 | D18: Story | E18: Check out our latest story on facebook! | F18: 4242 | G18: 555 | H18: 131 | I18: 33936 | J18: 33802 | K18: 265 | L18: SustainabilityDrive | M18: 0.14521452 | N18: Hashtags Used.1 | O18: #FutureOfDriving
A19: P015 | B19: Facebook | C19: 45589 | D19: Video | E19: Check out our latest video on facebook! | F19: 3888 | G19: 604 | H19: 128 | I19: 77760 | J19: 77167 | K19: 20 | L19: CybertruckLaunch | M19: 0.05941358 | N19: Hashtags Used.1 | O19: #FutureOfDriving
A20: P016 | B20: Facebook | C20: 45530 | D20: Text | E20: Check out our latest text on facebook! | F20: 3452 | G20: 377 | H20: 360 | I20: 55232 | J20: 55075 | K20: 87 | L20: FSDUpdate | M20: 0.075843714 | N20: Hashtags Used.1 | O20: #FutureOfDriving
A21: P017 | B21: Facebook | C21: 45782 | D21: Text | E21: Check out our latest text on facebook! | F21: 4441 | G21: 511 | H21: 70 | I21: 53292 | J21: 53082 | K21: 159 | L21: SustainabilityDrive | M21: 0.094235533 | N21: Hashtags Used.1 | O21: #EVRevolution
A22: P018 | B22: Instagram | C22: 45523 | D22: Reel | E22: Check out our latest reel on instagram! | F22: 3000 | G22: 382 | H22: 325 | I22: 36000 | J22: 35819 | K22: 19 | L22: CybertruckLaunch | M22: 0.10297222 | N22: Hashtags Used.1 | O22: #FutureOfDriving
... A340: P300 | B340: Twitter | C340: 45535 | D340: Carousel | E340: Check out our latest carousel on twitter! | F340: 4494 | G340: 717 | H340: 45 | I340: 62916 | J340: 62688 | K340: 191 | L340: CybertruckLaunch | M340: 0.083539958 | N340: Hashtags Used.3 | O340: #BetterWithTesla

Sheet Task 2
E1: Post ID | F1: Platform | G1: Date | H1: Content Type | I1: Post Text | J1: Likes | K1: Shares | L1: Comments | M1: Impressions | N1: Reach | O1: Clicks | P1: Hashtags Used.1 | Q1: Hashtags Used.2 | R1: Hashtags Used.3 | S1: Campaign_Name_Filled | T1: Engagement Rate
E2: P220 | F2: Instagram | G2: 45445 | H2: Story | I2: Check out our latest story on instagram! | J2: 84 | K2: 897 | L2: 85 | M2: 588 | N2: 8 | O2: 12 | P2: #EVRevolution | S2: CybertruckLaunch | T2: =(Table1_2[[#This Row],[Likes]]+Table1_2[[#This Row],[Shares]]+Table1_2[[#This Row],[Comments]])/Table1_2[[#This Row],[Impressions]] -> 0.090759754
A3: Platform | B3: Average of Engagement Rate | E3: P058 | F3: Instagram | G3: 45762 | H3: Reel | I3: Check out our latest reel on instagram! | J3: 103 | K3: 770 | L3: 19 | M3: 1030 | N3: 410 | O3: 262 | P3: #TeslaCoInnovation | S3: SustainabilityDrive | T3: =(Table1_2[[#This Row],[Likes]]+Table1_2[[#This Row],[Shares]]+Table1_2[[#This Row],[Comments]])/Table1_2[[#This Row],[Impressions]] -> 0.076097681
A4: Facebook | B4: 0.1219729 | E4: P232 | F4: Twitter | G4: 45776 | H4: Story | I4: Check out our latest story on twitter! | J4: 249 | K4: 592 | L4: 230 | M4: 1494 | N4: 1044 | O4: 201 | P4: #EVRevolution | S4: SustainabilityDrive | T4: =(Table1_2[[#This Row],[Likes]]+Table1_2[[#This Row],[Shares]]+Table1_2[[#This Row],[Comments]])/Table1_2[[#This Row],[Impressions]] -> 0.055531494
A5: Instagram | B5: 0.19329258 | E5: P178 | F5: Instagram | G5: 45603 | H5: Video | I5: Check out our latest video on instagram! | J5: 129 | K5: 643 | L5: 136 | M5: 1290 | N5: 839 | O5: 238 | P5: #TeslaCoInnovation | S5: SustainabilityDrive | T5: =(Table1_2[[#This Row],[Likes]]+Table1_2[[#This Row],[Shares]]+Table1_2[[#This Row],[Comments]])/Table1_2[[#This Row],[Impressions]] -> 0.15105033
A6: Twitter | B6: 0.14368407 | E6: P175 | F6: Instagram | G6: 45674 | H6: Reel | I6: Check out our latest reel on instagram! | J6: 142 | K6: 784 | L6: 183 | M6: 1704 | N6: 995 | O6: 154 | P6: #FutureOfDriving | S6: SustainabilityDrive | T6: =(Table1_2[[#This Row],[Likes]]+Table1_2[[#This Row],[Shares]]+Table1_2[[#This Row],[Comments]])/Table1_2[[#This Row],[Impressions]] -> 0.065617093
A7: YouTube | B7: 0.13118494 | E7: P062 | F7: Twitter | G7: 45618 | H7: Carousel | I7: Check out our latest carousel on twitter! | J7: 53 | K7: 81 | L7: 379 | M7: 954 | N7: 7 | O7: 148 | P7: #TeslaCoInnovation | S7: FSDUpdate | T7: =(Table1_2[[#This Row],[Likes]]+Table1_2[[#This Row],[Shares]]+Table1_2[[#This Row],[Comments]])/Table1_2[[#This Row],[Impressions]] -> 0.1795416
A8: Grand Total | B8: 0.14828272 | E8: P264 | F8: Twitter | G8: 45687 | H8: Image | I8: Check out our latest image on twitter! | J8: 59 | K8: 163 | L8: 93 | M8: 590 | N8: 475 | O8: 293 | P8: #TeslaCoInnovation | S8: ModelYCampaign | T8: =(Table1_2[[#This Row],[Likes]]+Table1_2[[#This Row],[Shares]]+Table1_2[[#This Row],[Comments]])/Table1_2[[#This Row],[Impressions]] -> 0.070272021
E9: P143 | F9: YouTube | G9: 45567 | H9: Carousel | I9: Check out our latest carousel on youtube! | J9: 80 | K9: 362 | L9: 80 | M9: 1040 | N9: 349 | O9: 117 | P9: #TeslaCoInnovation | S9: FSDUpdate | T9: =(Table1_2[[#This Row],[Likes]]+Table1_2[[#This Row],[Shares]]+Table1_2[[#This Row],[Comments]])/Table1_2[[#This Row],[Impressions]] -> 0.1034036
E10: P210 | F10: YouTube | G10: 45707 | H10: Image | I10: Check out our latest image on youtube! | J10: 257 | K10: 966 | L10: 398 | M10: 3341 | N10: 2753 | O10: 287 | P10: #FutureOfDriving | S10: CybertruckLaunch | T10: =(Table1_2[[#This Row],[Likes]]+Table1_2[[#This Row],[Shares]]+Table1_2[[#This Row],[Comments]])/Table1_2[[#This Row],[Impressions]] -> 0.088019732
E11: P070 | F11: Facebook | G11: 45749 | H11: Video | I11: Check out our latest video on facebook! | J11: 199 | K11: 772 | L11: 400 | M11: 3582 | N11: 2988 | O11: 43 | P11: #TeslaCoInnovation | S11: ModelYCampaign | T11: =(Table1_2[[#This Row],[Likes]]+Table1_2[[#This Row],[Shares]]+Table1_2[[#This Row],[Comments]])/Table1_2[[#This Row],[Impressions]] -> 0.071986352
B14: Column Labels
B15: Facebook | E15: Instagram | H15: Twitter | K15: YouTube | N15: Total Sum of Likes | O15: Total Sum of Shares | P15: Total Sum of Comments
A16: Row Labels | B16: Sum of Likes | C16: Sum of Shares | D16: Sum of Comments | E16: Sum of Likes | F16: Sum of Shares | G16: Sum of Comments | H16: Sum of Likes | I16: Sum of Shares | J16: Sum of Comments | K16: Sum of Likes | L16: Sum of Shares | M16: Sum of Comments
A17: Carousel | B17: 44476 | C17: 7400 | D17: 4589 | E17: 43948 | F17: 6975 | G17: 3890 | H17: 48649 | I17: 5791 | J17: 3607 | K17: 24926 | L17: 6305 | M17: 2422 | N17: 161999 | O17: 26471 | P17: 14508
A18: Image | B18: 71602 | C18: 12904 | D18: 6495 | E18: 34202 | F18: 5286 | G18: 2655 | H18: 43761 | I18: 7110 | J18: 5125 | K18: 23903 | L18: 4310 | M18: 2077 | N18: 173468 | O18: 29610 | P18: 16352
A19: Reel | B19: 36368 | C19: 5964 | D19: 3353 | E19: 32148 | F19: 8110 | G19: 3386 | H19: 27029 | I19: 4550 | J19: 1913 | K19: 32400 | L19: 4577 | M19: 2668 | N19: 127945 | O19: 23201 | P19: 11320
A20: Story | B20: 29405 | C20: 4950 | D20: 3223 | E20: 42649 | F20: 10049 | G20: 3846 | H20: 20466 | I20: 5090 | J20: 3026 | K20: 31968 | L20: 3866 | M20: 2012 | N20: 124488 | O20: 23955 | P20: 12107
A21: Text | B21: 31963 | C21: 4792 | D21: 3377 | E21: 25567 | F21: 5112 | G21: 1946 | H21: 31899 | I21: 4861 | J21: 3910 | K21: 27067 | L21: 3928 | M21: 1052 | N21: 116496 | O21: 18693 | P21: 10285
A22: Video | B22: 28947 | C22: 3171 | D22: 2263 | E22: 25770 | F22: 5912 | G22: 2128 | H22: 29593 | I22: 6326 | J22: 3299 | K22: 31285 | L22: 5586 | M22: 2589 | N22: 115595 | O22: 20995 | P22: 10279
A23: Grand Total | B23: 242761 | C23: 39181 | D23: 23300 | E23: 204284 | F23: 41444 | G23: 17851 | H23: 201397 | I23: 33728 | J23: 20880 | K23: 171549 | L23: 28572 | M23: 12820 | N23: 819991 | O23: 142925 | P23: 74851

Sheet Task 1
A1: Post ID | B1: Platform | C1: Date | D1: Content Type | E1: Post Text | F1: Likes | G1: Shares | H1: Comments | I1: Impressions | J1: Reach | K1: Clicks | L1: Hashtags Used.1 | M1: Hashtags Used.2 | N1: Hashtags Used.3 | O1: Campaign_Name | P1: Campaign_Name_Filled | Q1: Engagement Rate
A2: P001 | B2: Twitter | C2: 45649 | D2: Reel | E2: Check out our latest reel on twitter! | F2: 1461 | G2: 184 | H2: 344 | I2: 21915 | J2: 21675 | K2: 15 | L2: #FutureOfDriving | M2: #AnytimeIsTeslaTime | O2: CybertruckLaunch | P2: CybertruckLaunch
A3: P002 | B3: Twitter | C3: 45750 | D3: Text | E3: Check out our latest text on twitter! | F3: 4054 | G3: 389 | H3: 493 | I3: 64864 | J3: 64383 | K3: 117 | L3: #TeslaCoInnovation | M3: #BetterWithTesla | O3: ModelYCampaign | P3: ModelYCampaign
A4: P003 | B4: YouTube | C4: 45789 | D4: Reel | E4: Check out our latest reel on youtube! | F4: 2795 | G4: 105 | H4: 49 | I4: 53105 | J4: 52307 | K4: 204 | L4: #TeslaCoInnovation | O4: FSDUpdate | P4: FSDUpdate
A5: P004 | B5: Instagram | C5: 45516 | D5: Story | E5: Check out our latest story on instagram! | F5: 2404 | G5: 363 | H5: 138 | I5: 19232 | J5: 18636 | K5: 128 | L5: #EVRevolution | O5: SustainabilityDrive | P5: SustainabilityDrive
A6: P005 | B6: YouTube | C6: 45469 | D6: Reel | E6: Check out our latest reel on youtube! | F6: 3557 | G6: 687 | H6: 424 | I6: 71140 | J6: 70701 | K6: 224 | L6: #EVRevolution | M6: #TeslaCoInnovation | O6: CybertruckLaunch | P6: CybertruckLaunch
A7: P006 | B7: Facebook | C7: 45596 | D7: Carousel | E7: Check out our latest carousel on facebook! | F7: 2945 | G7: 930 | H7: 355 | I7: 23560 | J7: 23275 | K7: 256 | L7: #TeslaCoInnovation | O7: ModelYCampaign | P7: ModelYCampaign
A8: P007 | B8: Twitter | C8: 45467 | D8: Carousel | E8: Check out our latest carousel on twitter! | F8: 3860 | G8: 201 | H8: 279 | I8: 61760 | J8: 61660 | K8: 235 | L8: #TeslaCoInnovation | O8: ModelYCampaign | P8: ModelYCampaign
A9: P008 | B9: YouTube | C9: 45486 | D9: Image | E9: Check out our latest image on youtube! | F9: 3929 | G9: 262 | H9: 278 | I9: 43219 | J9: 42841 | K9: 39 | L9: #EVRevolution | O9: SustainabilityDrive | P9: SustainabilityDrive
A10: P009 | B10: Facebook | C10: 45534 | D10: Text | E10: Check out our latest text on facebook! | F10: 3784 | G10: 808 | H10: 404 | I10: 56760 | J10: 56343 | K10: 131 | L10: #TeslaCoInnovation | O10: ModelYCampaign | P10: ModelYCampaign
A11: P010 | B11: Facebook | C11: 45727 | D11: Image | E11: Check out our latest image on facebook! | F11: 4241 | G11: 902 | H11: 47 | I11: 72097 | J11: 71598 | K11: 167 | L11: #TeslaCoInnovation | O11: ModelYCampaign | P11: ModelYCampaign
A12: P011 | B12: Instagram | C12: 45690 | D12: Story | E12: Check out our latest story on instagram! | F12: 1792 | G12: 614 | H12: 497 | I12: 25088 | J12: 24675 | K12: 65 | L12: #FutureOfDriving | O12: SustainabilityDrive | P12: SustainabilityDrive
A13: P012 | B13: Facebook | C13: 45494 | D13: Reel | E13: Check out our latest reel on facebook! | F13: 1946 | G13: 686 | H13: 377 | I13: 23352 | J13: 22982 | K13: 213 | L13: #FutureOfDriving | O13: FSDUpdate | P13: FSDUpdate
A14: P013 | B14: YouTube | C14: 45614 | D14: Carousel | E14: Check out our latest carousel on youtube! | F14: 1171 | G14: 286 | H14: 231 | I14: 22249 | J14: 21282 | K14: 114 | L14: #EVRevolution | O14: CybertruckLaunch | P14: CybertruckLaunch
A15: P014 | B15: Facebook | C15: 45704 | D15: Story | E15: Check out our latest story on facebook! | F15: 4242 | G15: 555 | H15: 131 | I15: 33936 | J15: 33802 | K15: 265 | L15: #FutureOfDriving | P15: SustainabilityDrive
A16: P015 | B16: Facebook | C16: 45589 | D16: Video | E16: Check out our latest video on facebook! | F16: 3888 | G16: 604 | H16: 128 | I16: 77760 | J16: 77167 | K16: 20 | L16: #FutureOfDriving | O16: CybertruckLaunch | P16: CybertruckLaunch
A17: P016 | B17: Facebook | C17: 45530 | D17: Text | E17: Check out our latest text on facebook! | F17: 3452 | G17: 377 | H17: 360 | I17: 55232 | J17: 55075 | K17: 87 | L17: #FutureOfDriving | O17: FSDUpdate | P17: FSDUpdate
A18: P017 | B18: Facebook | C18: 45782 | D18: Text | E18: Check out our latest text on facebook! | F18: 4441 | G18: 511 | H18: 70 | I18: 53292 | J18: 53082 | K18: 159 | L18: #EVRevolution | O18: SustainabilityDrive | P18: SustainabilityDrive
A19: P018 | B19: Instagram | C19: 45523 | D19: Reel | E19: Check out our latest reel on instagram! | F19: 3000 | G19: 382 | H19: 325 | I19: 36000 | J19: 35819 | K19: 19 | L19: #FutureOfDriving | O19: CybertruckLaunch | P19: CybertruckLaunch
A20: P019 | B20: Instagram | C20: 45466 | D20: Video | E20: Check out our latest video on instagram! | F20: 1071 | G20: 519 | H20: 22 | I20: 16065 | J20: 15865 | K20: 103 | L20: #TeslaCoInnovation | O20: SustainabilityDrive | P20: SustainabilityDrive
A21: P020 | B21: Instagram | C21: 45544 | D21: Carousel | E21: Check out our latest carousel on instagram! | F21: 4054 | G21: 488 | H21: 373 | I21: 77026 | J21: 76881 | K21: 25 | L21: #TeslaCoInnovation | O21: CybertruckLaunch | P21: CybertruckLaunch
A22: P021 | B22: Instagram | C22: 45661 | D22: Reel | E22: Check out our latest reel on instagram! | F22: 4838 | G22: 640 | H22: 128 | I22: 72570 | J22: 72396 | K22: 83 | L22: #FutureOfDriving | O22: SustainabilityDrive | P22: SustainabilityDrive
A23: P022 | B23: Facebook | C23: 45715 | D23: Text | E23: Check out our latest text on facebook! | F23: 1570 | G23: 187 | H23: 260 | I23: 25120 | J23: 24613 | K23: 133 | L23: #TeslaCoInnovation | O23: SustainabilityDrive | P23: SustainabilityDrive
A24: P023 | B24: Facebook | C24: 45602 | D24: Video | E24: Check out our latest video on facebook! | F24: 1606 | G24: 547 | H24: 316 | I24: 32120 | J24: 31736 | K24: 225 | L24: #TeslaCoInnovation | M24: #AnytimeIsTeslaTime | O24: ModelYCampaign | P24: ModelYCampaign
A25: P024 | B25: Facebook | C25: 45680 | D25: Video | E25: Check out our latest video on facebook! | F25: 3961 | G25: 761 | H25: 131 | I25: 67337 | J25: 66615 | K25: 161 | L25: #FutureOfDriving | O25: FSDUpdate | P25: FSDUpdate
A26: P025 | B26: Twitter | C26: 45757 | D26: Carousel | E26: Check out our latest carousel on twitter! | F26: 3128 | G26: 211 | H26: 197 | I26: 59432 | J26: 59182 | K26: 238 | L26: #EVRevolution | P26: CybertruckLaunch
A27: P026 | B27: YouTube | C27: 45752 | D27: Reel | E27: Check out our latest reel on youtube! | F27: 3009 | G27: 413 | H27: 358 | I27: 42126 | J27: 41309 | K27: 211 | L27: #FutureOfDriving | O27: ModelYCampaign | P27: ModelYCampaign
A28: P027 | B28: YouTube | C28: 45552 | D28: Text | E28: Check out our latest text on youtube! | F28: 2076 | G28: 195 | H28: 104 | I28: 33216 | J28: 32244 | K28: 51 | L28: #FutureOfDriving | O28: SustainabilityDrive | P28: SustainabilityDrive
A29: P028 | B29: Instagram | C29: 45720 | D29: Video | E29: Check out our latest video on instagram! | F29: 432 | G29: 624 | H29: 123 | I29: 6912 | J29: 6259 | K29: 79 | L29: #FutureOfDriving | O29: SustainabilityDrive | P29: SustainabilityDrive
A30: P029 | B30: Instagram | C30: 45688 | D30: Carousel | E30: Check out our latest carousel on instagram! | F30: 2566 | G30: 118 | H30: 37 | I30: 12830 | J30: 12264 | K30: 221 | L30: #FutureOfDriving | O30: FSDUpdate | P30: FSDUpdate
A31: P030 | B31: Instagram | C31: 45713 | D31: Video | E31: Check out our latest video on instagram! | F31: 3095 | G31: 39 | H31: 78 | I31: 55710 | J31: 54808 | K31: 93 | L31: #EVRevolution | P31: CybertruckLaunch
A32: P031 | B32: Instagram | C32: 45642 | D32: Text | E32: Check out our latest text on instagram! | F32: 438 | G32: 153 | H32: 275 | I32: 3066 | J32: 2701 | K32: 282 | L32: #TeslaCoInnovation | O32: ModelYCampaign | P32: ModelYCampaign
A33: P032 | B33: Twitter | C33: 45504 | D33: Carousel | E33: Check out our latest carousel on twitter! | F33: 2278 | G33: 10 | H33: 321 | I33: 13668 | J33: 12676 | K33: 275 | L33: #EVRevolution | O33: CybertruckLaunch | P33: CybertruckLaunch
A34: P033 | B34: Facebook | C34: 45525 | D34: Image | E34: Check out our latest image on facebook! | F34: 1407 | G34: 400 | H34: 351 | I34: 16884 | J34: 15954 | K34: 113 | L34: #TeslaCoInnovation | O34: CybertruckLaunch | P34: CybertruckLaunch
A35: P034 | B35: Facebook | C35: 45742 | D35: Text | E35: Check out our latest text on facebook! | F35: 1652 | G35: 89 | H35: 357 | I35: 29736 | J35: 28771 | K35: 215 | L35: #TeslaCoInnovation | O35: FSDUpdate | P35: FSDUpdate
A36: P035 | B36: Instagram | C36: 45626 | D36: Video | E36: Check out our latest video on instagram! | F36: 3775 | G36: 16 | H36: 239 | I36: 33975 | J36: 33310 | K36: 271 | L36: #FutureOfDriving | O36: ModelYCampaign | P36: ModelYCampaign
A37: P036 | B37: Instagram | C37: 45766 | D37: Story | E37: Check out our latest story on instagram! | F37: 4518 | G37: 285 | H37: 383 | I37: 67770 | J37: 67621 | K37: 31 | L37: #EVRevolution | O37: ModelYCampaign | P37: ModelYCampaign
A38: P037 | B38: Facebook | C38: 45663 | D38: Carousel | E38: Check out our latest carousel on facebook! | F38: 3024 | G38: 925 | H38: 350 | I38: 24192 | J38: 23518 | K38: 36 | L38: #EVRevolution | O38: ModelYCampaign | P38: ModelYCampaign
A39: P038 | B39: YouTube | C39: 45705 | D39: Reel | E39: Check out our latest reel on youtube! | F39: 3138 | G39: 123 | H39: 291 | I39: 28242 | J39: 27550 | K39: 87 | L39: #TeslaCoInnovation | O39: SustainabilityDrive | P39: SustainabilityDrive
A40: P039 | B40: Facebook | C40: 45621 | D40: Image | E40: Check out our latest image on facebook! | F40: 3564 | G40: 629 | H40: 177 | I40: 60588 | J40: 59627 | K40: 92 | L40: #TeslaCoInnovation | P40: ModelYCampaign
A41: P040 | B41: Twitter | C41: 45723 | D41: Image | E41: Check out our latest image on twitter! | F41: 4750 | G41: 151 | H41: 415 | I41: 38000 | J41: 37792 | K41: 299 | L41: #EVRevolution | O41: SustainabilityDrive | P41: SustainabilityDrive
A42: P041 | B42: Instagram | C42: 45724 | D42: Reel | E42: Check out our latest reel on instagram! | F42: 456 | G42: 629 | H42: 428 | I42: 8208 | J42: 7377 | K42: 205 | L42: #FutureOfDriving | O42: SustainabilityDrive | P42: SustainabilityDrive
A43: P042 | B43: YouTube | C43: 45721 | D43: Reel | E43: Check out our latest reel on youtube! | F43: 1543 | G43: 820 | H43: 333 | I43: 12344 | J43: 11496 | K43: 241 | L43: #EVRevolution | P43: CybertruckLaunch
A44: P043 | B44: Instagram | C44: 45640 | D44: Carousel | E44: Check out our latest carousel on instagram! | F44: 2174 | G44: 658 | H44: 15 | I44: 13044 | J44: 12206 | K44: 137 | L44: #TeslaCoInnovation | O44: FSDUpdate | P44: FSDUpdate
A45: P044 | B45: Twitter | C45: 45718 | D45: Image | E45: Check out our latest image on twitter! | F45: 2358 | G45: 784 | H45: 344 | I45: 35370 | J45: 34475 | K45: 216 | L45: #TeslaCoInnovation | P45: ModelYCampaign
A46: P045 | B46: Facebook | C46: 45597 | D46: Video | E46: Check out our latest video on facebook! | F46: 3371 | G46: 106 | H46: 327 | I46: 50565 | J46: 49816 | K46: 176 | L46: #FutureOfDriving | O46: CybertruckLaunch | P46: CybertruckLaunch
A47: P046 | B47: Twitter | C47: 45779 | D47: Video | E47: Check out our latest video on twitter! | F47: 1108 | G47: 177 | H47: 212 | I47: 8864 | J47: 8710 | K47: 97 | L47: #TeslaCoInnovation | O47: SustainabilityDrive | P47: SustainabilityDrive
A48: P047 | B48: Twitter | C48: 45712 | D48: Carousel | E48: Check out our latest carousel on twitter! | F48: 2704 | G48: 752 | H48: 153 | I48: 21632 | J48: 20792 | K48: 127 | L48: #FutureOfDriving | P48: SustainabilityDrive
A49: P048 | B49: Twitter | C49: 45727 | D49: Story | E49: Check out our latest story on twitter! | F49: 1950 | G49: 295 | H49: 478 | I49: 37050 | J49: 36272 | K49: 119 | L49: #TeslaCoInnovation | P49: ModelYCampaign
A50: P049 | B50: Twitter | C50: 45453 | D50: Story | E50: Check out our latest story on twitter! | F50: 2164 | G50: 549 | H50: 274 | I50: 28132 | J50: 27361 | K50: 177 | L50: #TeslaCoInnovation | O50: SustainabilityDrive | P50: SustainabilityDrive
A51: P050 | B51: YouTube | C51: 45476 | D51: Story | E51: Check out our latest story on youtube! | F51: 2754 | G51: 130 | H51: 90 | I51: 22032 | J51: 21288 | K51: 112 | L51: #TeslaCoInnovation | O51: FSDUpdate | P51: FSDUpdate
A52: P051 | B52: Facebook | C52: 45456 | D52: Carousel | E52: Check out our latest carousel on facebook! | F52: 2200 | G52: 504 | H52: 239 | I52: 37400 | J52: 36938 | K52: 225 | L52: #FutureOfDriving | O52: ModelYCampaign | P52: ModelYCampaign
A53: P052 | B53: Facebook | C53: 45660 | D53: Image | E53: Check out our latest image on facebook! | F53: 947 | G53: 338 | H53: 350 | I53: 10417 | J53: 9730 | K53: 34 | L53: #TeslaCoInnovation | O53: SustainabilityDrive | P53: SustainabilityDrive
A54: P053 | B54: YouTube | C54: 45712 | D54: Carousel | E54: Check out our latest carousel on youtube! | F54: 804 | G54: 639 | H54: 43 | I54: 4020 | J54: 3144 | K54: 11 | L54: #EVRevolution | M54: #BetterWithTesla | P54: CybertruckLaunch
A55: P054 | B55: YouTube | C55: 45729 | D55: Carousel | E55: Check out our latest carousel on youtube! | F55: 1686 | G55: 904 | H55: 472 | I55: 18546 | J55: 18171 | K55: 52 | L55: #FutureOfDriving | O55: ModelYCampaign | P55: ModelYCampaign
A56: P055 | B56: Facebook | C56: 45460 | D56: Image | E56: Check out our latest image on facebook! | F56: 1226 | G56: 119 | H56: 7 | I56: 14712 | J56: 14049 | K56: 123 | L56: #EVRevolution | O56: SustainabilityDrive | P56: SustainabilityDrive
A57: P056 | B57: Facebook | C57: 45644 | D57: Carousel | E57: Check out our latest carousel on facebook! | F57: 2946 | G57: 498 | H57: 367 | I57: 29460 | J57: 28527 | K57: 60 | L57: #FutureOfDriving | O57: FSDUpdate | P57: FSDUpdate
A58: P057 | B58: Twitter | C58: 45586 | D58: Video | E58: Check out our latest video on twitter! | F58: 2825 | G58: 535 | H58: 295 | I58: 45200 | J58: 44739 | K58: 169 | L58: #TeslaCoInnovation | O58: CybertruckLaunch | P58: CybertruckLaunch
A59: P058 | B59: Instagram | C59: 45762 | D59: Reel | E59: Check out our latest reel on instagram! | F59: 103 | G59: 770 | H59: 19 | I59: 1030 | J59: 410 | K59: 262 | L59: #TeslaCoInnovation | O59: SustainabilityDrive | P59: SustainabilityDrive
A60: P059 | B60: Instagram | C60: 45465 | D60: Text | E60: Check out our latest text on instagram! | F60: 2180 | G60: 263 | H60: 387 | I60: 30520 | J60: 30059 | K60: 174 | L60: #EVRevolution | P60: CybertruckLaunch
A61: P060 | B61: Instagram | C61: 45685 | D61: Video | E61: Check out our latest video on instagram! | F61: 904 | G61: 973 | H61: 63 | I61: 11752 | J61: 11580 | K61: 84 | L61: #EVRevolution | M61: #TeslaCoInnovation | N61: #AnytimeIsTeslaTime | O61: FSDUpdate | P61: FSDUpdate
A62: P061 | B62: Twitter | C62: 45540 | D62: Video | E62: Check out our latest video on twitter! | F62: 4886 | G62: 983 | H62: 409 | I62: 43974 | J62: 43239 | K62: 65 | L62: #TeslaCoInnovation | O62: CybertruckLaunch | P62: CybertruckLaunch
A63: P062 | B63: Twitter | C63: 45618 | D63: Carousel | E63: Check out our latest carousel on twitter! | F63: 53 | G63: 81 | H63: 379 | I63: 954 | J63: 7 | K63: 148 | L63: #TeslaCoInnovation | O63: FSDUpdate | P63: FSDUpdate
A64: P063 | B64: Twitter | C64: 45504 | D64: Carousel | E64: Check out our latest carousel on twitter! | F64: 4507 | G64: 217 | H64: 13 | I64: 90140 | J64: 89591 | K64: 125 | L64: #FutureOfDriving | O64: FSDUpdate | P64: FSDUpdate
A65: P064 | B65: Facebook | C65: 45521 | D65: Image | E65: Check out our latest image on facebook! | F65: 2878 | G65: 248 | H65: 416 | I65: 43170 | J65: 42667 | K65: 75 | L65: #FutureOfDriving | O65: FSDUpdate | P65: FSDUpdate
A66: P065 | B66: Instagram | C66: 45744 | D66: Story | E66: Check out our latest story on instagram! | F66: 1881 | G66: 501 | H66: 99 | I66: 20691 | J66: 19987 | K66: 289 | L66: #EVRevolution | P66: CybertruckLaunch
A67: P066 | B67: Twitter | C67: 45499 | D67: Carousel | E67: Check out our latest carousel on twitter! | F67: 432 | G67: 171 | H67: 280 | I67: 3024 | J67: 2285 | K67: 184 | L67: #EVRevolution | O67: CybertruckLaunch | P67: CybertruckLaunch
A68: P067 | B68: Facebook | C68: 45745 | D68: Carousel | E68: Check out our latest carousel on facebook! | F68: 4712 | G68: 568 | H68: 127 | I68: 84816 | J68: 84691 | K68: 100 | L68: #EVRevolution | O68: FSDUpdate | P68: FSDUpdate
A69: P068 | B69: Instagram | C69: 45634 | D69: Story | E69: Check out our latest story on instagram! | F69: 2610 | G69: 126 | H69: 288 | I69: 15660 | J69: 15145 | K69: 73 | L69: #EVRevolution | P69: CybertruckLaunch
A70: P069 | B70: Twitter | C70: 45724 | D70: Text | E70: Check out our latest text on twitter! | F70: 1292 | G70: 626 | H70: 496 | I70: 25840 | J70: 24916 | K70: 149 | L70: #FutureOfDriving | O70: FSDUpdate | P70: FSDUpdate
A71: P070 | B71: Facebook | C71: 45749 | D71: Video | E71: Check out our latest video on facebook! | F71: 199 | G71: 772 | H71: 400 | I71: 3582 | J71: 2988 | K71: 43 | L71: #TeslaCoInnovation | P71: ModelYCampaign
A72: P071 | B72: YouTube | C72: 45537 | D72: Carousel | E72: Check out our latest carousel on youtube! | F72: 2551 | G72: 915 | H72: 205 | I72: 30612 | J72: 30360 | K72: 227 | L72: #TeslaCoInnovation | O72: ModelYCampaign | P72: ModelYCampaign
A73: P072 | B73: YouTube | C73: 45719 | D73: Reel | E73: Check out our latest reel on youtube! | F73: 296 | G73: 60 | H73: 141 | I73: 5624 | J73: 5239 | K73: 88 | L73: #EVRevolution | O73: ModelYCampaign | P73: ModelYCampaign
A74: P073 | B74: Facebook | C74: 45583 | D74: Story | E74: Check out our latest story on facebook! | F74: 4126 | G74: 426 | H74: 486 | I74: 78394 | J74: 77798 | K74: 88 | L74: #FutureOfDriving | O74: SustainabilityDrive | P74: SustainabilityDrive
A75: P074 | B75: YouTube | C75: 45593 | D75: Reel | E75: Check out our latest reel on youtube! | F75: 1855 | G75: 200 | H75: 174 | I75: 16695 | J75: 16330 | K75: 123 | L75: #TeslaCoInnovation | O75: FSDUpdate | P75: FSDUpdate
A76: P075 | B76: Instagram | C76: 45505 | D76: Reel | E76: Check out our latest reel on instagram! | F76: 1674 | G76: 929 | H76: 37 | I76: 21762 | J76: 20998 | K76: 255 | L76: #TeslaCoInnovation | O76: SustainabilityDrive | P76: SustainabilityDrive
A77: P076 | B77: Twitter | C77: 45603 | D77: Story | E77: Check out our latest story on twitter! | F77: 1121 | G77: 135 | H77: 18 | I77: 15694 | J77: 14957 | K77: 99 | L77: #TeslaCoInnovation | O77: SustainabilityDrive | P77: SustainabilityDrive
A78: P077 | B78: Facebook | C78: 45720 | D78: Story | E78: Check out our latest story on facebook! | F78: 1249 | G78: 116 | H78: 420 | I78: 8743 | J78: 8538 | K78: 63 | L78: #TeslaCoInnovation | P78: ModelYCampaign
A79: P078 | B79: Twitter | C79: 45460 | D79: Image | E79: Check out our latest image on twitter! | F79: 954 | G79: 324 | H79: 288 | I79: 19080 | J79: 18859 | K79: 21 | L79: #FutureOfDriving | O79: SustainabilityDrive | P79: SustainabilityDrive
A80: P079 | B80: Instagram | C80: 45574 | D80: Carousel | E80: Check out our latest carousel on instagram! | F80: 3068 | G80: 137 | H80: 329 | I80: 39884 | J80: 39404 | K80: 266 | L80: #EVRevolution | O80: ModelYCampaign | P80: ModelYCampaign
A81: P080 | B81: Instagram | C81: 45456 | D81: Story | E81: Check out our latest story on instagram! | F81: 2103 | G81: 892 | H81: 103 | I81: 39957 | J81: 39466 | K81: 28 | L81: #FutureOfDriving | P81: SustainabilityDrive
A82: P081 | B82: Instagram | C82: 45584 | D82: Story | E82: Check out our latest story on instagram! | F82: 1816 | G82: 29 | H82: 41 | I82: 19976 | J82: 19262 | K82: 283 | L82: #TeslaCoInnovation | O82: FSDUpdate | P82: FSDUpdate
A83: P082 | B83: Instagram | C83: 45497 | D83: Image | E83: Check out our latest image on instagram! | F83: 725 | G83: 88 | H83: 428 | I83: 14500 | J83: 13637 | K83: 200 | L83: #FutureOfDriving | M83: #TeslaCoInnovation | N83: #AnytimeIsTeslaTime | O83: FSDUpdate | P83: FSDUpdate
A84: P083 | B84: YouTube | C84: 45580 | D84: Video | E84: Check out our latest video on youtube! | F84: 1094 | G84: 472 | H84: 21 | I84: 9846 | J84: 9609 | K84: 112 | L84: #EVRevolution | P84: CybertruckLaunch
A85: P084 | B85: Facebook | C85: 45635 | D85: Image | E85: Check out our latest image on facebook! | F85: 1841 | G85: 851 | H85: 342 | I85: 34979 | J85: 34154 | K85: 255 | L85: #FutureOfDriving | O85: SustainabilityDrive | P85: SustainabilityDrive
A86: P085 | B86: Instagram | C86: 45766 | D86: Image | E86: Check out our latest image on instagram! | F86: 4177 | G86: 569 | H86: 55 | I86: 25062 | J86: 24847 | K86: 230 | L86: #FutureOfDriving | O86: CybertruckLaunch | P86: CybertruckLaunch
A87: P086 | B87: YouTube | C87: 45684 | D87: Text | E87: Check out our latest text on youtube! | F87: 3428 | G87: 305 | H87: 85 | I87: 58276 | J87: 58052 | K87: 242 | L87: #EVRevolution | M87: #BetterWithTesla | O87: SustainabilityDrive | P87: SustainabilityDrive
A88: P087 | B88: Twitter | C88: 45449 | D88: Video | E88: Check out our latest video on twitter! | F88: 1436 | G88: 765 | H88: 496 | I88: 12924 | J88: 12701 | K88: 197 | L88: #FutureOfDriving | O88: FSDUpdate | P88: FSDUpdate
A89: P088 | B89: Facebook | C89: 45480 | D89: Story | E89: Check out our latest story on facebook! | F89: 302 | G89: 47 | H89: 430 | I89: 5738 | J89: 4890 | K89: 25 | L89: #TeslaCoInnovation | O89: SustainabilityDrive | P89: SustainabilityDrive
A90: P089 | B90: Twitter | C90: 45667 | D90: Image | E90: Check out our latest image on twitter! | F90: 2214 | G90: 249 | H90: 152 | I90: 15498 | J90: 14800 | K90: 180 | L90: #EVRevolution | P90: CybertruckLaunch
A91: P090 | B91: Instagram | C91: 45446 | D91: Image | E91: Check out our latest image on instagram! | F91: 3861 | G91: 960 | H91: 101 | I91: 69498 | J91: 68817 | K91: 297 | L91: #TeslaCoInnovation | O91: SustainabilityDrive | P91: SustainabilityDrive
A92: P091 | B92: Facebook | C92: 45740 | D92: Image | E92: Check out our latest image on facebook! | F92: 1263 | G92: 397 | H92: 357 | I92: 25260 | J92: 24615 | K92: 137 | L92: #EVRevolution | O92: SustainabilityDrive | P92: SustainabilityDrive
A93: P092 | B93: Twitter | C93: 45586 | D93: Story | E93: Check out our latest story on twitter! | F93: 3801 | G93: 967 | H93: 401 | I93: 38010 | J93: 37625 | K93: 236 | L93: #FutureOfDriving | O93: FSDUpdate | P93: FSDUpdate
A94: P093 | B94: Instagram | C94: 45637 | D94: Video | E94: Check out our latest video on instagram! | F94: 1431 | G94: 951 | H94: 26 | I94: 8586 | J94: 8396 | K94: 150 | L94: #EVRevolution | O94: FSDUpdate | P94: FSDUpdate
A95: P094 | B95: Instagram | C95: 45603 | D95: Image | E95: Check out our latest image on instagram! | F95: 2647 | G95: 304 | H95: 170 | I95: 18529 | J95: 17841 | K95: 46 | L95: #FutureOfDriving | O95: FSDUpdate | P95: FSDUpdate
A96: P095 | B96: Instagram | C96: 45604 | D96: Text | E96: Check out our latest text on instagram! | F96: 3182 | G96: 559 | H96: 160 | I96: 57276 | J96: 56890 | K96: 163 | L96: #FutureOfDriving | O96: SustainabilityDrive | P96: SustainabilityDrive
A97: P096 | B97: Twitter | C97: 45545 | D97: Image | E97: Check out our latest image on twitter! | F97: 1238 | G97: 366 | H97: 444 | I97: 19808 | J97: 19334 | K97: 123 | L97: #FutureOfDriving | P97: SustainabilityDrive
A98: P097 | B98: Instagram | C98: 45517 | D98: Image | E98: Check out our latest image on instagram! | F98: 4739 | G98: 527 | H98: 135 | I98: 61607 | J98: 61333 | K98: 36 | L98: #TeslaCoInnovation | M98: #AnytimeIsTeslaTime | O98: ModelYCampaign | P98: ModelYCampaign
A99: P098 | B99: Twitter | C99: 45453 | D99: Story | E99: Check out our latest story on twitter! | F99: 1575 | G99: 771 | H99: 486 | I99: 25200 | J99: 24826 | K99: 17 | L99: #FutureOfDriving | O99: SustainabilityDrive | P99: SustainabilityDrive
A100: P099 | B100: YouTube | C100: 45475 | D100: Carousel | E100: Check out our latest carousel on youtube! | F100: 4171 | G100: 548 | H100: 86 | I100: 66736 | J100: 66634 | K100: 173 | L100: #FutureOfDriving | O100: FSDUpdate | P100: FSDUpdate
...

Sheet Sheet5
A1: Post ID | B1: Platform | C1: Date | D1: Content Type | E1: Post Text | F1: Likes | G1: Shares | H1: Comments | I1: Impressions | J1: Reach | K1: Clicks | L1: Hashtags Used.1 | M1: Hashtags Used.2 | N1: Hashtags Used.3 | O1: Campaign_Name | P1: Campaign_Name_Filled | Q1: Engagement Rate | R1: Column1
A2: P001 | B2: Twitter | C2: 45649 | D2: Reel | E2: Check out our latest reel on twitter! | F2: 1461 | G2: 184 | H2: 344 | I2: 21915 | J2: 21675 | K2: 15 | L2: #FutureOfDriving | M2: #AnytimeIsTeslaTime | O2: CybertruckLaunch | P2: CybertruckLaunch | R2: =IFERROR( IF( AND( INT($C2) >= INT(INDEX('Campaign Metadata'!$B:$B, MATCH(TRIM($P2), 'Campaign Metadata'!$A:$A, 0))), INT($C2) <= INT(INDEX('Campaign Metadata'!$C:$C, MATCH(TRIM($P2), 'Campaign Metadata'!$A:$A, 0))) ), "During Campaign", "Before Campaign" ), "No Campaign" ) -> Before Campaign
A3: P002 | B3: Twitter | C3: 45750 | D3: Text | E3: Check out our latest text on twitter! | F3: 4054 | G3: 389 | H3: 493 | I3: 64864 | J3: 64383 | K3: 117 | L3: #TeslaCoInnovation | M3: #BetterWithTesla | O3: ModelYCampaign | P3: ModelYCampaign | R3: =IFERROR( IF( AND( INT($C3) >= INT(INDEX('Campaign Metadata'!$B:$B, MATCH(TRIM($P3), 'Campaign Metadata'!$A:$A, 0))), INT($C3) <= INT(INDEX('Campaign Metadata'!$C:$C, MATCH(TRIM($P3), 'Campaign Metadata'!$A:$A, 0))) ), "During Campaign", "Before Campaign" ), "No Campaign" ) -> Before Campaign | X3: Engagement Uplift (%)
A4: P003 | B4: YouTube | C4: 45789 | D4: Reel | E4: Check out our latest reel on youtube! | F4: 2795 | G4: 105 | H4: 49 | I4: 53105 | J4: 52307 | K4: 204 | L4: #TeslaCoInnovation | O4: FSDUpdate | P4: FSDUpdate | R4: =IFERROR( IF( AND( INT($C4) >= INT(INDEX('Campaign Metadata'!$B:$B, MATCH(TRIM($P4), 'Campaign Metadata'!$A:$A, 0))), INT($C4) <= INT(INDEX('Campaign Metadata'!$C:$C, MATCH(TRIM($P4), 'Campaign Metadata'!$A:$A, 0))) ), "During Campaign", "Before Campaign" ), "No Campaign" ) -> Before Campaign
A5: P004 | B5: Instagram | C5: 45516 | D5: Story | E5: Check out our latest story on instagram! | F5: 2404 | G5: 363 | H5: 138 | I5: 19232 | J5: 18636 | K5: 128 | L5: #EVRevolution | O5: SustainabilityDrive | P5: SustainabilityDrive | R5: =IFERROR( IF( AND( INT($C5) >= INT(INDEX('Campaign Metadata'!$B:$B, MATCH(TRIM($P5), 'Campaign Metadata'!$A:$A, 0))), INT($C5) <= INT(INDEX('Campaign Metadata'!$C:$C, MATCH(TRIM($P5), 'Campaign Metadata'!$A:$A, 0))) ), "During Campaign", "Before Campaign" ), "No Campaign" ) -> Before Campaign
A6: P005 | B6: YouTube | C6: 45469 | D6: Reel | E6: Check out our latest reel on youtube! | F6: 3557 | G6: 687 | H6: 424 | I6: 71140 | J6: 70701 | K6: 224 | L6: #EVRevolution | M6: #TeslaCoInnovation | O6: CybertruckLaunch | P6: CybertruckLaunch | R6: =IFERROR( IF( AND( INT($C6) >= INT(INDEX('Campaign Metadata'!$B:$B, MATCH(TRIM($P6), 'Campaign Metadata'!$A:$A, 0))), INT($C6) <= INT(INDEX('Campaign Metadata'!$C:$C, MATCH(TRIM($P6), 'Campaign Metadata'!$A:$A, 0))) ), "During Campaign", "Before Campaign" ), "No Campaign" ) -> During Campaign
A7: P006 | B7: Facebook | C7: 45596 | D7: Carousel | E7: Check out our latest carousel on facebook! | F7: 2945 | G7: 930 | H7: 355 | I7: 23560 | J7: 23275 | K7: 256 | L7: #TeslaCoInnovation | O7: ModelYCampaign | P7: ModelYCampaign | R7: =IFERROR( IF( AND( INT($C7) >= INT(INDEX('Campaign Metadata'!$B:$B, MATCH(TRIM($P7), 'Campaign Metadata'!$A:$A, 0))), INT($C7) <= INT(INDEX('Campaign Metadata'!$C:$C, MATCH(TRIM($P7), 'Campaign Metadata'!$A:$A, 0))) ), "During Campaign", "Before Campaign" ), "No Campaign" ) -> During Campaign
A8: P007 | B8: Twitter | C8: 45467 | D8: Carousel | E8: Check out our latest carousel on twitter! | F8: 3860 | G8: 201 | H8: 279 | I8: 61760 | J8: 61660 | K8: 235 | L8: #TeslaCoInnovation | O8: ModelYCampaign | P8: ModelYCampaign | R8: =IFERROR( IF( AND( INT($C8) >= INT(INDEX('Campaign Metadata'!$B:$B, MATCH(TRIM($P8), 'Campaign Metadata'!$A:$A, 0))), INT($C8) <= INT(INDEX('Campaign Metadata'!$C:$C, MATCH(TRIM($P8), 'Campaign Metadata'!$A:$A, 0))) ), "During Campaign", "Before Campaign" ), "No Campaign" ) -> Before Campaign
A9: P008 | B9: YouTube | C9: 45486 | D9: Image | E9: Check out our latest image on youtube! | F9: 3929 | G9: 262 | H9: 278 | I9: 43219 | J9: 42841 | K9: 39 | L9: #EVRevolution | O9: SustainabilityDrive | P9: SustainabilityDrive | R9: =IFERROR( IF( AND( INT($C9) >= INT(INDEX('Campaign Metadata'!$B:$B, MATCH(TRIM($P9), 'Campaign Metadata'!$A:$A, 0))), INT($C9) <= INT(INDEX('Campaign Metadata'!$C:$C, MATCH(TRIM($P9), 'Campaign Metadata'!$A:$A, 0))) ), "During Campaign", "Before Campaign" ), "No Campaign" ) -> Before Campaign
A10: P009 | B10: Facebook | C10: 45534 | D10: Text | E10: Check out our latest text on facebook! | F10: 3784 | G10: 808 | H10: 404 | I10: 56760 | J10: 56343 | K10: 131 | L10: #TeslaCoInnovation | O10: ModelYCampaign | P10: ModelYCampaign | R10: =IFERROR( IF( AND( INT($C10) >= INT(INDEX('Campaign Metadata'!$B:$B, MATCH(TRIM($P10), 'Campaign Metadata'!$A:$A, 0))), INT($C10) <= INT(INDEX('Campaign Metadata'!$C:$C, MATCH(TRIM($P10), 'Campaign Metadata'!$A:$A, 0))) ), "During Campaign", "Before Campaign" ), "No Campaign" ) -> Before Campaign
A11: P010 | B11: Facebook | C11: 45727 | D11: Image | E11: Check out our latest image on facebook! | F11: 4241 | G11: 902 | H11: 47 | I11: 72097 | J11: 71598 | K11: 167 | L11: #TeslaCoInnovation | O11: ModelYCampaign | P11: ModelYCampaign | R11: =IFERROR( IF( AND( INT($C11) >= INT(INDEX('Campaign Metadata'!$B:$B, MATCH(TRIM($P11), 'Campaign Metadata'!$A:$A, 0))), INT($C11) <= INT(INDEX('Campaign Metadata'!$C:$C, MATCH(TRIM($P11), 'Campaign Metadata'!$A:$A, 0))) ), "During Campaign", "Before Campaign" ), "No Campaign" ) -> Before Campaign
A12: P011 | B12: Instagram | C12: 45690 | D12: Story | E12: Check out our latest story on instagram! | F12: 1792 | G12: 614 | H12: 497 | I12: 25088 | J12: 24675 | K12: 65 | L12: #FutureOfDriving | O12: SustainabilityDrive | P12: SustainabilityDrive | R12: =IFERROR( IF( AND( INT($C12) >= INT(INDEX('Campaign Metadata'!$B:$B, MATCH(TRIM($P12), 'Campaign Metadata'!$A:$A, 0))), INT($C12) <= INT(INDEX('Campaign Metadata'!$C:$C, MATCH(TRIM($P12), 'Campaign Metadata'!$A:$A, 0))) ), "During Campaign", "Before Campaign" ), "No Campaign" ) -> Before Campaign
A13: P012 | B13: Facebook | C13: 45494 | D13: Reel | E13: Check out our latest reel on facebook! | F13: 1946 | G13: 686 | H13: 377 | I13: 23352 | J13: 22982 | K13: 213 | L13: #FutureOfDriving | O13: FSDUpdate | P13: FSDUpdate | R13: =IFERROR( IF( AND( INT($C13) >= INT(INDEX('Campaign Metadata'!$B:$B, MATCH(TRIM($P13), 'Campaign Metadata'!$A:$A, 0))), INT($C13) <= INT(INDEX('Campaign Metadata'!$C:$C, MATCH(TRIM($P13), 'Campaign Metadata'!$A:$A, 0))) ), "During Campaign", "Before Campaign" ), "No Campaign" ) -> Before Campaign
A14: P013 | B14: YouTube | C14: 45614 | D14: Carousel | E14: Check out our latest carousel on youtube! | F14: 1171 | G14: 286 | H14: 231 | I14: 22249 | J14: 21282 | K14: 114 | L14: #EVRevolution | O14: CybertruckLaunch | P14: CybertruckLaunch | R14: =IFERROR( IF( AND( INT($C14) >= INT(INDEX('Campaign Metadata'!$B:$B, MATCH(TRIM($P14), 'Campaign Metadata'!$A:$A, 0))), INT($C14) <= INT(INDEX('Campaign Metadata'!$C:$C, MATCH(TRIM($P14), 'Campaign Metadata'!$A:$A, 0))) ), "During Campaign", "Before Campaign" ), "No Campaign" ) -> Before Campaign
A15: P014 | B15: Facebook | C15: 45704 | D15: Story | E15: Check out our latest story on facebook! | F15: 4242 | G15: 555 | H15: 131 | I15: 33936 | J15: 33802 | K15: 265 | L15: #FutureOfDriving | P15: SustainabilityDrive | R15: =IFERROR( IF( AND( INT($C15) >= INT(INDEX('Campaign Metadata'!$B:$B, MATCH(TRIM($P15), 'Campaign Metadata'!$A:$A, 0))), INT($C15) <= INT(INDEX('Campaign Metadata'!$C:$C, MATCH(TRIM($P15), 'Campaign Metadata'!$A:$A, 0))) ), "During Campaign", "Before Campaign" ), "No Campaign" ) -> Before Campaign
A16: P015 | B16: Facebook | C16: 45589 | D16: Video | E16: Check out our latest video on facebook! | F16: 3888 | G16: 604 | H16: 128 | I16: 77760 | J16: 77167 | K16: 20 | L16: #FutureOfDriving | O16: CybertruckLaunch | P16: CybertruckLaunch | R16: =IFERROR( IF( AND( INT($C16) >= INT(INDEX('Campaign Metadata'!$B:$B, MATCH(TRIM($P16), 'Campaign Metadata'!$A:$A, 0))), INT($C16) <= INT(INDEX('Campaign Metadata'!$C:$C, MATCH(TRIM($P16), 'Campaign Metadata'!$A:$A, 0))) ), "During Campaign", "Before Campaign" ), "No Campaign" ) -> Before Campaign
A17: P016 | B17: Facebook | C17: 45530 | D17: Text | E17: Check out our latest text on facebook! | F17: 3452 | G17: 377 | H17: 360 | I17: 55232 | J17: 55075 | K17: 87 | L17: #FutureOfDriving | O17: FSDUpdate | P17: FSDUpdate | R17: =IFERROR( IF( AND( INT($C17) >= INT(INDEX('Campaign Metadata'!$B:$B, MATCH(TRIM($P17), 'Campaign Metadata'!$A:$A, 0))), INT($C17) <= INT(INDEX('Campaign Metadata'!$C:$C, MATCH(TRIM($P17), 'Campaign Metadata'!$A:$A, 0))) ), "During Campaign", "Before Campaign" ), "No Campaign" ) -> Before Campaign
A18: P017 | B18: Facebook | C18: 45782 | D18: Text | E18: Check out our latest text on facebook! | F18: 4441 | G18: 511 | H18: 70 | I18: 53292 | J18: 53082 | K18: 159 | L18: #EVRevolution | O18: SustainabilityDrive | P18: SustainabilityDrive | R18: =IFERROR( IF( AND( INT($C18) >= INT(INDEX('Campaign Metadata'!$B:$B, MATCH(TRIM($P18), 'Campaign Metadata'!$A:$A, 0))), INT($C18) <= INT(INDEX('Campaign Metadata'!$C:$C, MATCH(TRIM($P18), 'Campaign Metadata'!$A:$A, 0))) ), "During Campaign", "Before Campaign" ), "No Campaign" ) -> Before Campaign
A19: P018 | B19: Instagram | C19: 45523 | D19: Reel | E19: Check out our latest reel on instagram! | F19: 3000 | G19: 382 | H19: 325 | I19: 36000 | J19: 35819 | K19: 19 | L19: #FutureOfDriving | O19: CybertruckLaunch | P19: CybertruckLaunch | R19: =IFERROR( IF( AND( INT($C19) >= INT(INDEX('Campaign Metadata'!$B:$B, MATCH(TRIM($P19), 'Campaign Metadata'!$A:$A, 0))), INT($C19) <= INT(INDEX('Campaign Metadata'!$C:$C, MATCH(TRIM($P19), 'Campaign Metadata'!$A:$A, 0))) ), "During Campaign", "Before Campaign" ), "No Campaign" ) -> Before Campaign
A20: P019 | B20: Instagram | C20: 45466 | D20: Video | E20: Check out our latest video on instagram! | F20: 1071 | G20: 519 | H20: 22 | I20: 16065 | J20: 15865 | K20: 103 | L20: #TeslaCoInnovation | O20: SustainabilityDrive | P20: SustainabilityDrive | R20: =IFERROR( IF( AND( INT($C20) >= INT(INDEX('Campaign Metadata'!$B:$B, MATCH(TRIM($P20), 'Campaign Metadata'!$A:$A, 0))), INT($C20) <= INT(INDEX('Campaign Metadata'!$C:$C, MATCH(TRIM($P20), 'Campaign Metadata'!$A:$A, 0))) ), "During Campaign", "Before Campaign" ), "No Campaign" ) -> Before Campaign
A21: P020 | B21: Instagram | C21: 45544 | D21: Carousel | E21: Check out our latest carousel on instagram! | F21: 4054 | G21: 488 | H21: 373 | I21: 77026 | J21: 76881 | K21: 25 | L21: #TeslaCoInnovation | O21: CybertruckLaunch | P21: CybertruckLaunch | R21: =IFERROR( IF( AND( INT($C21) >= INT(INDEX('Campaign Metadata'!$B:$B, MATCH(TRIM($P21), 'Campaign Metadata'!$A:$A, 0))), INT($C21) <= INT(INDEX('Campaign Metadata'!$C:$C, MATCH(TRIM($P21), 'Campaign Metadata'!$A:$A, 0))) ), "During Campaign", "Before Campaign" ), "No Campaign" ) -> Before Campaign
A22: P021 | B22: Instagram | C22: 45661 | D22: Reel | E22: Check out our latest reel on instagram! | F22: 4838 | G22: 640 | H22: 128 | I22: 72570 | J22: 72396 | K22: 83 | L22: #FutureOfDriving | O22: SustainabilityDrive | P22: SustainabilityDrive | R22: =IFERROR( IF( AND( INT($C22) >= INT(INDEX('Campaign Metadata'!$B:$B, MATCH(TRIM($P22), 'Campaign Metadata'!$A:$A, 0))), INT($C22) <= INT(INDEX('Campaign Metadata'!$C:$C, MATCH(TRIM($P22), 'Campaign Metadata'!$A:$A, 0))) ), "During Campaign", "Before Campaign" ), "No Campaign" ) -> Before Campaign
A23: P022 | B23: Facebook | C23: 45715 | D23: Text | E23: Check out our latest text on facebook! | F23: 1570 | G23: 187 | H23: 260 | I23: 25120 | J23: 24613 | K23: 133 | L23: #TeslaCoInnovation | O23: SustainabilityDrive | P23: SustainabilityDrive | R23: =IFERROR( IF( AND( INT($C23) >= INT(INDEX('Campaign Metadata'!$B:$B, MATCH(TRIM($P23), 'Campaign Metadata'!$A:$A, 0))), INT($C23) <= INT(INDEX('Campaign Metadata'!$C:$C, MATCH(TRIM($P23), 'Campaign Metadata'!$A:$A, 0))) ), "During Campaign", "Before Campaign" ), "No Campaign" ) -> Before Campaign
A24: P023 | B24: Facebook | C24: 45602 | D24: Video | E24: Check out our latest video on facebook! | F24: 1606 | G24: 547 | H24: 316 | I24: 32120 | J24: 31736 | K24: 225 | L24: #TeslaCoInnovation | M24: #AnytimeIsTeslaTime | O24: ModelYCampaign | P24: ModelYCampaign | R24: =IFERROR( IF( AND( INT($C24) >= INT(INDEX('Campaign Metadata'!$B:$B, MATCH(TRIM($P24), 'Campaign Metadata'!$A:$A, 0))), INT($C24) <= INT(INDEX('Campaign Metadata'!$C:$C, MATCH(TRIM($P24), 'Campaign Metadata'!$A:$A, 0))) ), "During Campaign", "Before Campaign" ), "No Campaign" ) -> Before Campaign
A25: P024 | B25: Facebook | C25: 45680 | D25: Video | E25: Check out our latest video on facebook! | F25: 3961 | G25: 761 | H25: 131 | I25: 67337 | J25: 66615 | K25: 161 | L25: #FutureOfDriving | O25: FSDUpdate | P25: FSDUpdate | R25: =IFERROR( IF( AND( INT($C25) >= INT(INDEX('Campaign Metadata'!$B:$B, MATCH(TRIM($P25), 'Campaign Metadata'!$A:$A, 0))), INT($C25) <= INT(INDEX('Campaign Metadata'!$C:$C, MATCH(TRIM($P25), 'Campaign Metadata'!$A:$A, 0))) ), "During Campaign", "Before Campaign" ), "No Campaign" ) -> Before Campaign
